batter,name,pa,k_pct,bb_pct,chase_pct,whiff_pct,barrel_pct
695578,James Wood,402,30.597014925373134,13.930348258706468,23.484848484848484,30.48211508553655,23.0
621493,Taylor Ward,392,20.918367346938776,16.581632653061224,14.093137254901961,16.817359855334537,5.4
683002,Gunnar Henderson,390,23.333333333333332,7.6923076923076925,32.49686323713927,21.628838451268358,8.0
701762,Nick Kurtz,383,30.026109660574413,16.971279373368148,22.234891676168758,32.50728862973761,18.4
608324,Alex Bregman,381,16.010498687664043,10.761154855643044,21.908602150537636,16.31663974151858,4.5
663538,Nico Hoerner,376,7.180851063829787,9.042553191489361,30.16759776536313,10.299003322259136,1.0
683737,Michael Busch,376,22.606382978723403,15.425531914893616,23.558282208588956,24.227642276422763,10.8
687263,Zach Neto,375,32.266666666666666,10.4,35.32277710109622,30.87248322147651,13.5
677594,Julio Rodríguez,373,20.91152815013405,7.238605898123325,38.9873417721519,25.925925925925927,9.2
624413,Pete Alonso,373,24.396782841823057,10.99195710455764,25.9927797833935,25.970149253731343,12.8
666182,Bo Bichette,371,18.598382749326145,5.929919137466308,40.13793103448276,16.852367688022284,7.2
670541,Yordan Álvarez,370,17.2972972972973,12.162162162162161,27.064803049555273,16.63974151857835,18.5
691718,Pete Crow-Armstrong,369,26.016260162601625,9.75609756097561,36.91529709228824,26.301369863013697,11.0
668804,Bryan Reynolds,368,21.467391304347824,14.673913043478262,23.086900129701686,26.046511627906977,10.1
607208,Trea Turner,366,22.6775956284153,6.0109289617486334,35.859269282814616,25.45201668984701,5.4
671056,Iván Herrera,365,15.616438356164384,12.054794520547945,26.527958387516254,18.48739495798319,6.7
805808,Kevin Mcgonigle,365,13.698630136986301,14.794520547945206,17.801047120418847,13.964686998394864,7.8
681624,Andy Pages,364,19.78021978021978,7.142857142857143,33.246753246753244,20.827389443651924,8.8
656941,Kyle Schwarber,362,33.70165745856354,13.535911602209945,25.059952038369303,31.140350877192983,20.2
701398,Sal Stewart,362,21.54696132596685,10.773480662983426,27.956989247311828,24.11764705882353,14.6
695734,Daylen Lile,360,16.944444444444443,6.388888888888889,36.63663663663664,20.72992700729927,6.7
518692,Freddie Freeman,359,16.434540389972145,11.699164345403899,26.700251889168765,19.10569105691057,11.0
672640,Otto Lopez,359,13.927576601671309,4.456824512534819,34.2814371257485,18.66883116883117,6.9
666176,Jo Adell,359,22.841225626740947,2.785515320334262,38.36734693877551,24.51108213820078,8.3
660271,Shohei Ohtani,359,23.119777158774372,12.813370473537605,28.645833333333332,25.0,16.8
691406,Junior Caminero,358,17.318435754189945,11.452513966480447,28.15286624203822,20.0,13.1
665487,Fernando Tatís,358,20.11173184357542,8.100558659217876,27.39322533136966,26.08695652173913,10.7
641355,Cody Bellinger,357,13.72549019607843,13.72549019607843,28.995756718528995,17.60797342192691,7.4
668930,Brice Turang,357,26.050420168067227,12.88515406162465,23.607427055702917,20.28985507246377,9.0
621566,Matt Olson,357,22.969187675070028,8.96358543417367,27.68079800498753,19.915254237288135,13.3
678246,Miguel Vargas,356,16.573033707865168,13.764044943820224,20.74175824175824,16.27172195892575,14.5
669364,Xavier Edwards,356,12.359550561797754,10.674157303370787,22.790055248618785,13.333333333333334,4.8
646240,Rafael Devers,355,29.577464788732396,7.042253521126761,30.344827586206897,27.77777777777778,11.3
572233,Christian Walker,355,21.971830985915492,7.605633802816901,29.619565217391305,25.65982404692082,9.8
664023,Ian Happ,355,31.830985915492956,12.112676056338028,25.19893899204244,29.23076923076923,14.1
547180,Bryce Harper,355,19.154929577464788,13.80281690140845,33.917396745932415,28.062678062678064,12.7
682985,Riley Greene,354,26.836158192090394,12.429378531073446,24.967658473479947,27.12369597615499,12.7
607043,Brandon Nimmo,354,20.62146892655367,7.909604519774011,28.018575851393187,18.590704647676162,13.0
669127,Shea Langeliers,353,20.113314447592067,7.36543909348442,31.66189111747851,25.460122699386503,14.1
606466,Ketel Marte,351,13.675213675213675,7.407407407407407,31.38138138138138,19.249592169657422,11.3
645277,Ozzie Albies,351,11.396011396011396,6.552706552706553,36.16398243045388,17.899408284023668,3.9
682928,Cj Abrams,351,21.65242165242165,8.262108262108262,36.79775280898876,27.25925925925926,9.9
802139,Jj Wetherholt,351,15.954415954415955,9.401709401709402,22.446043165467625,18.896321070234112,6.9
677800,Wilyer Abreu,351,18.803418803418804,9.116809116809117,31.258840169731258,20.353982300884955,11.2
664040,Brandon Lowe,351,26.210826210826212,9.686609686609687,33.5509138381201,32.38636363636363,13.0
666018,Jonathan Aranda,350,22.285714285714285,12.571428571428571,27.008310249307478,18.81188118811881,10.1
677951,Bobby Witt,350,17.142857142857142,9.714285714285714,32.73480662983425,21.009771986970684,12.3
656305,Matt Chapman,349,22.922636103151863,10.315186246418339,26.264044943820224,21.21212121212121,6.6
650333,Luis Arráez,349,3.7249283667621778,4.584527220630372,32.89473684210526,7.109737248840804,0.3
805300,Jakob Marsee,349,23.49570200573066,12.607449856733524,23.680456490727533,17.805755395683452,3.3
676475,Alec Burleson,348,14.367816091954023,8.045977011494253,33.58895705521472,17.8343949044586,11.0
702284,Cole Young,348,16.95402298850575,6.32183908045977,30.194319880418536,17.57188498402556,5.5
682998,Corbin Carroll,345,21.44927536231884,10.72463768115942,29.9860529986053,26.094003241491087,12.2
647304,Josh Naylor,344,12.790697674418604,6.976744186046512,35.980551053484604,16.524701873935264,5.2
665489,Vladimir Guerrero,344,10.755813953488373,8.720930232558139,30.98802395209581,17.37649063032368,6.7
805367,Chase Meidroth,344,24.41860465116279,9.011627906976743,27.401129943502823,17.94871794871795,4.4
650490,Yandy Díaz,342,13.157894736842104,8.771929824561404,26.34069400630915,11.785095320623917,7.5
642715,Willy Adames,342,27.77777777777778,5.555555555555555,32.448377581120944,27.429467084639498,9.3
673962,Josh Jung,341,17.88856304985337,7.331378299120234,30.354391371340522,17.098445595854923,5.6
672695,Geraldo Perdomo,341,12.609970674486803,14.662756598240469,22.175732217573223,10.611510791366907,3.3
700250,Ben Rice,340,23.529411764705884,10.882352941176471,24.390243902439025,23.529411764705884,13.9
592518,Manny Machado,340,21.764705882352942,10.294117647058824,30.76923076923077,23.628048780487806,10.1
672960,Kazuma Okamoto,340,32.35294117647059,9.411764705882353,25.70281124497992,32.45749613601237,14.5
701538,Jackson Merrill,339,25.073746312684367,6.489675516224189,35.205479452054796,25.135135135135137,9.6
680776,Jarren Duran,338,29.881656804733726,6.21301775147929,35.96358118361153,32.85024154589372,10.4
691023,Jordan Walker,338,25.7396449704142,6.804733727810651,35.50834597875569,28.706624605678233,13.3
545361,Mike Trout,337,24.62908011869436,17.2106824925816,19.302949061662197,20.55045871559633,20.9
575929,Willson Contreras,337,25.816023738872403,8.90207715133531,34.45378151260504,29.612403100775193,13.8
663656,Kyle Tucker,336,21.13095238095238,12.202380952380953,25.40381791483113,21.745788667687595,5.9
691016,Tyler Soderstrom,336,17.55952380952381,11.607142857142858,25.958702064896755,19.897084048027445,10.0
661388,William Contreras,336,13.392857142857142,8.333333333333334,28.684627575277336,17.15867158671587,7.8
670623,Isaac Paredes,335,15.82089552238806,9.850746268656716,27.468354430379748,16.512345679012345,6.3
701807,Carson Benge,334,21.856287425149702,6.88622754491018,26.431718061674008,19.967532467532468,8.1
695657,Colson Montgomery,334,31.736526946107784,8.083832335329342,31.927710843373493,33.99390243902439,14.4
521692,Salvador Pérez,334,19.760479041916167,3.2934131736526946,45.55712270803949,23.672883787661405,9.3
681198,Tj Rumfield,334,14.37125748502994,9.580838323353293,30.91715976331361,18.078175895765472,6.1
663586,Austin Riley,333,28.52852852852853,8.408408408408409,32.658569500674766,29.793977812995244,9.9
696100,Hunter Goodman,333,32.732732732732735,6.906906906906907,41.07402031930334,32.23388305847077,17.4
668227,Randy Arozarena,332,21.987951807228917,9.036144578313253,31.757754800590842,25.16025641025641,7.4
669394,Jake Burger,331,25.981873111782477,8.157099697885196,36.52694610778443,31.973898858075042,9.7
621439,Byron Buxton,330,24.545454545454547,6.363636363636363,35.07692307692308,29.513343799058084,18.5
605137,Josh Bell,329,21.580547112462007,6.990881458966565,31.2316715542522,22.526636225266362,10.0
676391,Ernie Clement,327,10.091743119266056,3.363914373088685,44.79371316306483,14.56140350877193,2.5
679529,Spencer Torkelson,326,32.20858895705521,11.349693251533742,21.866295264623954,29.096989966555185,13.5
686797,Brooks Lee,325,15.384615384615385,6.769230769230769,32.84313725490196,18.312101910828027,4.4
664761,Alec Bohm,325,14.153846153846153,6.461538461538462,24.829931972789115,13.747645951035782,4.4
693307,Dillon Dingler,324,21.604938271604937,7.098765432098766,34.575260804769,20.230263157894736,12.6
665862,Jazz Chisholm,323,28.48297213622291,10.526315789473685,28.34757834757835,29.879101899827287,8.8
701358,Cam Smith,321,25.233644859813083,8.722741433021806,28.38038632986627,27.850162866449512,12.6
543760,Marcus Semien,320,21.25,7.1875,29.195804195804197,21.59468438538206,8.0
693304,Nick Gonzales,319,18.808777429467085,6.269592476489028,31.90082644628099,21.337579617834393,3.0
669477,Casey Schmitt,318,19.18238993710692,2.20125786163522,37.2791519434629,20.35830618892508,12.8
807712,Luke Keaschall,317,15.141955835962145,9.46372239747634,22.92358803986711,14.343434343434344,3.0
621020,Dansby Swanson,317,23.974763406940063,11.67192429022082,25.70162481536189,28.141592920353983,7.0
668715,Spencer Steer,316,23.417721518987342,9.177215189873417,26.27511591962906,22.968197879858657,12.9
680757,Steven Kwan,316,10.443037974683545,12.341772151898734,21.990369181380416,7.4324324324324325,0.4
669016,Brandon Marsh,315,26.03174603174603,4.126984126984127,38.422818791946305,22.63242375601926,9.3
677587,Brayan Rocchio,315,13.333333333333334,7.936507936507937,33.73676248108926,21.521035598705502,2.5
643289,Mauricio Dubón,315,14.285714285714286,6.031746031746032,37.17948717948718,14.403973509933774,5.3
678882,Ceddanne Rafaela,315,19.365079365079364,4.761904761904762,40.1305057096248,22.22222222222222,5.2
608070,José Ramírez,314,14.012738853503185,11.464968152866241,29.65616045845272,15.126050420168067,6.6
593428,Xander Bogaerts,314,17.8343949044586,10.828025477707007,25.914149443561207,20.801526717557252,5.9
802415,Chandler Simpson,312,10.256410256410257,5.448717948717949,29.79591836734694,8.421052631578947,0.0
691026,Masyn Winn,307,19.218241042345277,8.143322475570033,23.69747899159664,18.7984496124031,3.2
808982,Jung Hoo Lee,306,9.477124183006536,4.248366013071895,30.40421792618629,10.836501901140684,2.7
681082,Bryson Stott,302,17.549668874172184,7.28476821192053,32.854864433811805,15.849056603773585,7.1
571448,Nolan Arenado,302,20.198675496688743,7.947019867549669,31.87311178247734,21.32616487455197,6.7
695600,Carter Jensen,300,26.333333333333332,8.666666666666666,25.0,25.849056603773583,8.3
678662,Ezequiel Tovar,300,27.666666666666668,5.333333333333333,45.18900343642612,26.696165191740413,7.1
571970,Max Muncy,299,23.411371237458194,11.705685618729097,24.750830564784053,24.517374517374517,14.7
695506,Jac Caglianone,297,30.303030303030305,8.417508417508417,34.905660377358494,28.448275862068964,16.9
687462,Spencer Horwitz,296,13.513513513513514,13.513513513513514,24.165341812400637,13.721413721413722,8.6
680574,Matt Mclain,296,26.013513513513512,11.824324324324325,24.675324675324674,23.74245472837022,9.4
671739,Michael Harris,295,20.0,4.406779661016949,45.2991452991453,22.972972972972972,14.6
672580,Maikel García,294,15.306122448979592,8.16326530612245,22.735346358792185,13.769751693002258,4.9
673548,Seiya Suzuki,294,26.53061224489796,9.863945578231293,23.04147465437788,24.37619961612284,8.3
686469,Vinnie Pasquantino,293,17.406143344709896,10.238907849829351,30.015797788309637,14.095238095238095,7.2
689414,Liam Hicks,289,9.688581314878892,9.688581314878892,26.678765880217785,10.208816705336426,4.4
656811,Ryan O'Hearn,289,22.14532871972318,6.920415224913495,33.445378151260506,20.03780718336484,6.4
650489,Willi Castro,289,25.60553633217993,8.650519031141869,37.06624605678233,27.035830618892508,6.0
641343,Jake Bauers,288,25.34722222222222,12.5,20.033112582781456,24.897119341563787,12.7
641487,J. P. Crawford,287,19.51219512195122,13.240418118466899,19.93243243243243,15.250544662309368,7.4
682829,Elly De La Cruz,286,28.67132867132867,9.090909090909092,26.600985221674875,26.778242677824267,13.7
687859,Troy Johnston,284,17.253521126760564,8.450704225352112,34.35114503816794,21.3307240704501,2.4
665833,Oneil Cruz,283,34.628975265017665,9.89399293286219,32.36641221374046,35.64356435643565,16.4
665019,Kody Clemens,283,21.20141342756184,6.360424028268551,31.729055258467024,21.973929236499067,12.6
665926,Andrés Giménez,283,19.434628975265017,3.1802120141342756,42.88354898336414,21.95945945945946,3.8
694384,Nolan Schanuel,282,14.893617021276595,8.156028368794326,28.15884476534296,15.968063872255488,2.4
677649,Ezequiel Duran,281,23.487544483985765,7.473309608540926,36.61971830985915,23.646209386281587,5.7
686555,Isaac Collins,281,23.131672597864767,12.099644128113878,19.81132075471698,19.95249406175772,5.7
665742,Juan Soto,281,12.455516014234876,12.811387900355871,20.344827586206897,17.59259259259259,14.4
800050,Chase Delauter,279,13.620071684587813,10.03584229390681,19.485294117647058,13.303769401330378,5.6
683146,Brett Baty,279,27.59856630824373,10.03584229390681,26.956521739130434,26.577437858508603,8.2
656775,Cedric Mullins,278,19.424460431654676,8.273381294964029,29.609929078014183,19.851576994434136,4.1
683083,Nasim Nuñez,275,23.636363636363637,10.181818181818182,26.75044883303411,20.11173184357542,0.0
543807,George Springer,275,19.636363636363637,10.181818181818182,25.261324041811847,21.428571428571427,7.5
686217,Sal Frelick,274,9.124087591240876,8.75912408759124,22.612085769980506,9.049773755656108,2.3
671277,Luis García,274,14.963503649635037,4.37956204379562,40.99264705882353,16.252390057361378,10.0
643446,Jeff Mcneil,273,12.820512820512821,7.326007326007326,32.75529865125241,14.260249554367201,0.9
696285,Jacob Young,272,19.11764705882353,4.411764705882353,27.383367139959432,18.161434977578477,6.4
702332,Caleb Durbin,271,14.391143911439114,5.904059040590406,28.32980972515856,14.732142857142858,2.8
514888,José Altuve,270,21.48148148148148,8.518518518518519,35.055350553505534,23.178807947019866,6.5
691720,Kyle Karros,270,21.11111111111111,11.11111111111111,23.96694214876033,23.38204592901879,7.4
657757,Gavin Sheets,270,23.333333333333332,10.37037037037037,32.27953410981697,18.951612903225808,8.5
545121,Ildemaro Vargas,270,9.25925925925926,4.444444444444445,39.130434782608695,12.606837606837606,4.0
624585,Jorge Soler,270,31.11111111111111,10.0,27.35191637630662,33.72781065088758,11.1
662139,Daulton Varsho,268,20.895522388059703,8.208955223880597,36.21908127208481,18.352059925093634,7.0
803011,Sam Antonacci,265,14.716981132075471,7.547169811320755,21.523809523809526,13.488372093023257,7.0
663757,Trent Grisham,265,15.849056603773585,14.339622641509434,16.34980988593156,15.0,12.0
700932,Kyle Manzardo,265,31.69811320754717,10.566037735849056,31.04631217838765,28.543307086614174,11.4
592626,Joc Pederson,264,21.96969696969697,11.742424242424242,28.125,27.720739219712527,11.2
694212,Samuel Basallo,262,25.954198473282442,7.633587786259542,40.59590316573557,27.680311890838208,11.6
592450,Aaron Judge,261,27.586206896551722,14.17624521072797,25.81168831168831,30.1255230125523,21.7
686948,Drake Baldwin,261,24.521072796934867,9.195402298850574,36.15819209039548,23.904382470119522,16.7
665750,Leody Taveras,261,24.521072796934867,9.578544061302683,30.350877192982455,23.360655737704917,4.1
676609,José Caballero,260,21.53846153846154,6.153846153846154,34.709193245778614,23.725490196078432,3.3
666969,Adolis García,259,32.432432432432435,8.108108108108109,29.776247848537004,31.364562118126273,9.3
702222,Justin Crawford,257,21.40077821011673,6.22568093385214,38.55421686746988,16.346153846153847,1.1
669065,Kyle Stowers,257,31.1284046692607,8.949416342412452,33.52059925093633,33.980582524271846,11.0
669003,Garrett Mitchell,256,33.984375,12.109375,21.973929236499067,34.94505494505494,13.4
643217,Andrew Benintendi,255,25.098039215686274,7.450980392156863,32.27091633466136,26.4,10.5
663616,Trevor Larnach,255,17.647058823529413,10.980392156862745,30.740037950664135,25.176470588235293,6.8
672724,Oswald Peraza,255,27.45098039215686,3.5294117647058822,37.84355179704017,26.027397260273972,8.2
668885,Austin Martin,254,17.716535433070867,12.204724409448819,18.700787401574804,17.974683544303797,2.3
678554,Curtis Mead,253,18.57707509881423,10.671936758893281,25.444839857651246,15.227272727272727,11.0
664983,Jake Mccarthy,250,17.6,5.6,34.08577878103837,19.444444444444443,5.2
808959,Munetaka Murakami,246,32.520325203252035,16.260162601626018,21.901528013582343,38.93805309734513,20.7
668901,Mark Vientos,245,24.081632653061224,4.489795918367347,37.33905579399141,30.595482546201232,9.8
682657,Angel Martínez,244,21.721311475409838,2.8688524590163933,43.69747899159664,16.330645161290324,7.9
690993,Colt Keith,242,18.59504132231405,4.958677685950414,23.571428571428573,19.788918205804748,7.1
656555,Rhys Hoskins,240,30.833333333333332,15.416666666666666,21.978021978021978,29.78723404255319,10.4
671976,Tristan Peters,237,18.143459915611814,7.172995780590718,35.730858468677496,18.442622950819672,4.6
671732,Lawrence Butler,237,26.582278481012658,10.548523206751055,24.84472049689441,26.59090909090909,6.8
668709,Jj Bleday,236,19.06779661016949,13.559322033898304,22.77432712215321,24.0,9.7
668939,Adley Rutschman,236,14.40677966101695,10.169491525423728,25.858585858585858,13.15136476426799,8.5
660670,Ronald Acuña,236,22.033898305084747,13.983050847457626,24.953789279112755,25.806451612903224,13.1
605170,Víctor Caratini,235,18.72340425531915,9.787234042553191,25.434782608695652,19.78319783197832,8.2
694497,Evan Carter,235,23.829787234042552,12.340425531914894,19.50718685831622,24.75,6.8
663728,Cal Raleigh,235,31.06382978723404,12.340425531914894,36.28472222222222,29.41176470588235,11.3
663837,Matt Vierling,235,16.170212765957448,7.23404255319149,32.036613272311214,14.823529411764707,5.6
660821,Jesús Sánchez,234,22.22222222222222,3.8461538461538463,39.6588486140725,22.77432712215321,10.8
682177,Daniel Schneemann,233,29.184549356223176,9.012875536480687,34.261241970021416,29.912663755458514,7.6
681393,Connor Norby,233,30.042918454935624,10.300429184549357,27.311827956989248,29.705215419501133,7.6
683953,Travis Bazzana,231,20.346320346320347,11.255411255411255,25.313807531380753,24.264705882352942,4.5
691723,Coby Mayo,231,33.333333333333336,7.792207792207792,30.5668016194332,30.162412993039442,9.7
669357,Nolan Gorman,230,32.17391304347826,10.0,31.809145129224653,37.2093023255814,9.2
663886,Tyler Stephenson,230,25.217391304347824,11.73913043478261,20.88888888888889,24.444444444444443,11.1
680869,Zack Gelof,230,23.91304347826087,6.086956521739131,23.002421307506054,25.0,7.1
542303,Marcell Ozuna,230,29.565217391304348,8.695652173913043,25.74074074074074,29.38388625592417,8.7
502671,Paul Goldschmidt,229,20.524017467248907,7.423580786026201,34.40860215053763,22.398190045248867,11.7
691785,Marcelo Mayer,228,19.29824561403509,7.017543859649122,29.157175398633257,25.05966587112172,6.1
670042,Luke Raley,227,32.158590308370044,5.286343612334802,33.54564755838641,39.24050632911393,17.0
672515,Gabriel Moreno,226,15.929203539823009,10.619469026548673,32.745098039215684,15.196078431372548,8.8
683357,Owen Caissie,226,38.49557522123894,7.522123893805309,29.80392156862745,32.5,15.0
694192,Jackson Chourio,225,24.0,6.666666666666667,33.70288248337029,21.34292565947242,13.7
573262,Mike Yastrzemski,225,24.444444444444443,9.333333333333334,26.338329764453963,21.374045801526716,4.1
804606,Konnor Griffin,224,25.892857142857142,6.25,38.03131991051454,29.792147806004618,8.2
670764,Taylor Walls,224,24.553571428571427,11.607142857142858,24.458874458874458,19.74025974025974,3.5
592663,J. T. Realmuto,223,19.282511210762333,7.623318385650224,32.5635103926097,23.26732673267327,5.1
666152,David Hamilton,223,22.42152466367713,9.417040358744394,30.63063063063063,19.09547738693467,4.0
592885,Christian Yelich,220,28.636363636363637,8.636363636363637,23.16017316017316,30.861244019138756,6.8
686527,Dominic Canzone,220,20.90909090909091,9.090909090909092,33.55555555555556,26.666666666666668,16.0
666397,Edouard Julien,220,26.363636363636363,13.181818181818182,19.60352422907489,22.015915119363395,6.8
657041,Lane Thomas,219,21.91780821917808,13.698630136986301,20.0,17.119565217391305,4.3
608369,Corey Seager,219,26.940639269406393,11.872146118721462,28.571428571428573,31.25,15.4
605141,Mookie Betts,218,12.844036697247706,6.8807339449541285,19.35483870967742,11.607142857142858,8.7
608348,Carson Kelly,218,16.05504587155963,10.55045871559633,27.640449438202246,19.849246231155778,6.4
553993,Eugenio Suárez,217,33.17972350230415,7.8341013824884795,31.453362255965292,32.02933985330073,7.1
609280,Miguel Andújar,217,15.668202764976959,3.225806451612903,40.67796610169491,17.201834862385322,4.7
805779,Jacob Wilson,215,11.627906976744185,4.651162790697675,40.58355437665782,13.493975903614459,1.7
671289,Tyler Freeman,215,13.023255813953488,4.186046511627907,30.17902813299233,11.290322580645162,1.2
701675,Nathan Church,210,21.428571428571427,5.238095238095238,44.65558194774347,21.72949002217295,8.6
694728,Brice Matthews,209,32.535885167464116,6.220095693779904,25.57603686635945,34.77157360406091,8.7
650859,Luis Rengifo,209,11.483253588516746,8.61244019138756,30.58823529411765,16.836734693877553,4.8
681297,Colton Cowser,209,28.708133971291865,11.483253588516746,28.661087866108787,31.632653061224488,12.1
606192,Teoscar Hernández,209,27.751196172248804,8.61244019138756,25.835189309576837,26.89295039164491,10.8
668904,Royce Lewis,209,27.272727272727273,8.61244019138756,33.64055299539171,31.645569620253166,12.1
666126,Carlos Cortes,209,11.483253588516746,10.047846889952153,23.883928571428573,17.962466487935657,8.1
677942,Blaze Alexander,207,22.705314009661837,6.280193236714976,29.770992366412212,23.732718894009217,7.1
686681,Michael Massey,207,15.942028985507246,4.3478260869565215,38.3248730964467,18.89168765743073,7.3
669236,Jeremiah Jackson,206,19.41747572815534,1.941747572815534,38.57566765578635,23.902439024390244,6.8
656716,Zach Mckinstry,206,16.990291262135923,10.194174757281553,28.71794871794872,12.307692307692308,2.0
663968,Jake Mangum,206,18.446601941747574,4.854368932038835,48.292682926829265,17.225950782997764,1.3
657656,Ramón Laureano,206,31.553398058252426,9.70873786407767,32.743362831858406,30.14018691588785,14.3
663993,Nathaniel Lowe,204,25.0,11.764705882352942,27.074235807860262,17.41424802110818,11.0
665161,Jeremy Peña,203,17.24137931034483,7.389162561576355,34.88943488943489,26.119402985074625,4.0
641857,Ryan Mcmahon,203,30.541871921182267,7.389162561576355,30.198019801980198,27.851458885941646,11.2
667670,Brent Rooker,203,32.01970443349754,8.866995073891626,31.025641025641026,36.187845303867405,15.4
690976,Alex Freeland,202,27.722772277227723,10.891089108910892,22.065727699530516,25.454545454545453,5.7
681351,Logan O'Hoppe,202,24.752475247524753,6.930693069306931,34.0632603406326,26.203208556149733,10.4
691594,Javier Sanoja,201,10.447761194029852,5.472636815920398,42.81524926686217,11.11111111111111,1.2
669257,Will Smith,201,16.915422885572138,11.442786069651742,21.3302752293578,14.124293785310735,13.4
642086,Dominic Smith,198,13.131313131313131,6.0606060606060606,32.89473684210526,18.46965699208443,6.9
682626,Francisco Álvarez,197,25.380710659898476,7.614213197969543,32.71461716937355,28.840970350404312,17.3
681481,Kerry Carpenter,197,30.456852791878173,8.121827411167512,36.017897091722595,27.806122448979593,11.1
663743,Nick Fortes,197,12.182741116751268,2.5380710659898478,39.21568627450981,13.128491620111731,1.2
680700,Richie Palacios,196,18.877551020408163,11.73469387755102,31.367924528301888,19.653179190751445,3.0
687401,Joey Ortiz,195,18.46153846153846,10.256410256410257,31.202046035805626,17.3374613003096,3.6
810938,Ben Williamson,194,19.587628865979383,8.762886597938145,30.20304568527919,15.723270440251572,1.5
669224,Austin Wells,193,26.94300518134715,10.880829015544041,29.72972972972973,27.956989247311828,6.0
650402,Gleyber Torres,192,17.1875,14.583333333333334,16.42512077294686,19.314641744548286,7.9
687551,Drew Gilbert,189,17.46031746031746,8.465608465608465,24.37673130193906,20.0,2.2
681715,Heriberto Hernandez,189,23.80952380952381,9.523809523809524,25.257731958762886,30.555555555555557,8.8
660688,Keibert Ruiz,187,13.368983957219251,3.2085561497326203,36.928104575163395,13.636363636363637,5.2
664034,Ty France,187,24.59893048128342,4.81283422459893,32.526881720430104,26.785714285714285,12.1
671218,Heliot Ramos,184,26.08695652173913,5.434782608695652,37.121212121212125,24.688279301745634,13.6
687363,Victor Scott,184,23.91304347826087,8.695652173913043,22.085889570552148,23.34384858044164,0.8
670770,Tj Friedl,184,23.91304347826087,7.065217391304348,27.953890489913544,24.422442244224424,2.4
664728,Kyle Isbel,184,22.282608695652176,5.434782608695652,33.52601156069364,14.743589743589743,3.1
666160,Mickey Moniak,183,24.59016393442623,5.46448087431694,42.857142857142854,25.606469002695416,12.0
807799,Masataka Yoshida,181,11.602209944751381,9.392265193370166,29.651162790697676,15.018315018315018,2.1
687093,Vaughn Grissom,180,11.666666666666666,8.88888888888889,26.239067055393587,18.098159509202453,6.5
678391,Jorbit Vivas,179,12.849162011173185,8.379888268156424,27.77777777777778,16.352201257861637,4.4
699912,Jose Fernandez,178,22.471910112359552,3.932584269662921,36.91460055096419,23.076923076923077,3.9
543877,Christian Vázquez,178,16.292134831460675,6.741573033707865,35.43956043956044,16.307692307692307,1.5
691781,Brady House,177,28.24858757062147,7.344632768361582,33.5243553008596,30.434782608695652,10.5
596115,Trevor Story,176,32.38636363636363,4.545454545454546,44.04432132963989,28.09917355371901,3.6
672761,Wenceel Pérez,175,16.571428571428573,8.0,29.09090909090909,16.293929712460063,7.6
694208,Moisés Ballesteros,175,20.571428571428573,9.714285714285714,35.15625,24.148606811145513,9.0
664770,Nathan Lukes,175,15.428571428571429,5.142857142857143,36.440677966101696,16.470588235294116,1.5
805999,A. J. Ewing,173,24.277456647398843,11.560693641618498,26.109660574412533,21.68284789644013,6.4
678218,Brandon Valenzuela,173,24.85549132947977,11.560693641618498,28.767123287671232,23.850574712643677,8.3
694671,Wyatt Langford,173,21.387283236994218,5.780346820809249,28.164556962025316,20.0,8.0
700337,Edgar Quero,172,23.837209302325583,6.976744186046512,27.058823529411764,20.12578616352201,2.6
669707,Jared Triolo,172,25.0,7.558139534883721,23.952095808383234,21.32867132867133,1.8
687221,Dalton Rushing,170,26.470588235294116,9.411764705882353,31.515151515151516,30.063291139240505,10.5
672275,Patrick Bailey,169,25.443786982248522,7.100591715976331,32.06521739130435,24.576271186440678,6.1
805811,Bryce Eldridge,167,22.15568862275449,12.574850299401197,27.083333333333332,21.333333333333332,12.0
679845,Nick Loftin,166,13.25301204819277,10.240963855421686,23.225806451612904,14.624505928853756,6.6
691777,Max Muncy,165,31.515151515151516,6.666666666666667,35.54216867469879,29.320987654320987,11.5
696030,Alejandro Osuna,163,14.723926380368098,8.588957055214724,29.209621993127147,11.387900355871887,0.0
656484,Tristan Gray,163,30.061349693251532,5.521472392638037,39.50617283950617,29.885057471264368,5.8
703607,Henry Bolte,162,27.77777777777778,8.641975308641975,28.125,32.04225352112676,6.3
677588,José Tena,162,33.333333333333336,6.790123456790123,32.05882352941177,32.82208588957055,9.4
680779,Henry Davis,162,20.987654320987655,8.641975308641975,30.689655172413794,22.07792207792208,11.9
596142,Gary Sánchez,158,18.9873417721519,17.088607594936708,20.0,24.034334763948497,10.1
680728,Adrian Del Castillo,157,28.662420382165607,7.643312101910828,29.11764705882353,24.675324675324674,6.0
543309,Kyle Higashioka,156,26.28205128205128,9.615384615384615,28.923076923076923,25.925925925925927,9.1
665966,Carlos Narváez,156,32.05128205128205,7.051282051282051,34.21052631578947,28.698224852071007,7.7
641933,Tyler O'Neill,156,27.564102564102566,10.897435897435898,26.488095238095237,28.321678321678323,6.4
666023,Freddy Fermin,155,20.64516129032258,10.96774193548387,31.594202898550726,22.580645161290324,2.9
694362,Blake Dunn,155,21.29032258064516,6.451612903225806,28.73134328358209,19.844357976653697,2.7
620443,Luis Torrens,153,21.568627450980394,4.57516339869281,34.82428115015974,21.254355400696863,3.7
676356,Jonny Deluca,150,20.0,4.0,35.54006968641115,23.131672597864767,4.4
682668,Luisangel Acuña,150,17.333333333333332,4.666666666666667,34.05797101449275,22.00772200772201,4.4
666139,Josh Lowe,149,28.187919463087248,4.026845637583893,38.1578947368421,24.495677233429394,9.0
686780,Pedro Pagés,149,23.48993288590604,4.026845637583893,37.86407766990291,26.08695652173913,5.8
664702,Myles Straw,149,14.093959731543624,8.724832214765101,18.64406779661017,10.666666666666666,3.5
680777,Ryan Jeffers,149,15.436241610738255,15.436241610738255,23.303834808259587,14.40329218106996,15.8
807713,Matt Shaw,147,18.367346938775512,8.16326530612245,35.55555555555556,17.6056338028169,4.8
682818,Yohendrick Pinango,146,23.28767123287671,6.164383561643835,34.39716312056738,21.951219512195124,7.8
624641,Edmundo Sosa,145,22.06896551724138,2.0689655172413794,54.57627118644068,23.475609756097562,7.6
669004,Mj Melendez,145,34.48275862068966,11.724137931034482,29.464285714285715,30.662020905923345,11.1
686611,Dylan Crews,145,21.379310344827587,2.7586206896551726,36.94779116465863,26.470588235294116,9.4
683734,Andrew Vaughn,145,9.655172413793103,11.03448275862069,22.10144927536232,16.129032258064516,3.6
676694,Jake Meyers,145,20.689655172413794,6.896551724137931,32.592592592592595,19.776119402985074,6.8
642708,Amed Rosario,144,20.833333333333332,6.25,39.85239852398524,23.674911660777386,11.4
666971,Lourdes Gurriel,144,18.055555555555557,5.555555555555555,40.70175438596491,21.691176470588236,4.6
673237,Yainer Diaz,143,16.083916083916083,3.4965034965034967,40.4,21.62162162162162,4.4
643376,Danny Jansen,142,28.169014084507044,9.154929577464788,23.75886524822695,23.137254901960784,6.0
691788,Joe Mack,142,23.943661971830984,7.042253521126761,26.13240418118467,20.52238805970149,8.3
621043,Carlos Correa,141,18.43971631205674,12.056737588652481,31.987577639751553,20.99236641221374,10.3
641680,Jonah Heim,141,17.02127659574468,8.51063829787234,31.73431734317343,21.285140562248998,6.7
668723,Ryan Vilade,140,20.0,8.571428571428571,28.819444444444443,17.5,5.1
665804,Miguel Amaya,139,22.302158273381295,11.510791366906474,30.0,23.193916349809886,7.1
667472,Dane Myers,138,25.36231884057971,12.318840579710145,19.081272084805654,15.981735159817351,7.2
670242,Matt Wallner,135,39.25925925925926,7.407407407407407,31.61512027491409,40.955631399317404,10.4
686452,Drew Millas,135,22.962962962962962,7.407407407407407,27.165354330708663,20.26431718061674,3.4
701678,Hao-Yu Lee,135,25.925925925925927,4.444444444444445,32.21757322175732,27.73109243697479,7.4
655316,Andruw Monasterio,135,24.444444444444443,5.925925925925926,27.075812274368232,16.304347826086957,7.4
500743,Miguel Rojas,135,10.37037037037037,6.666666666666667,31.46067415730337,16.593886462882097,6.4
687231,Darell Hernaiz,134,17.16417910447761,9.701492537313433,35.714285714285715,19.771863117870723,1.0
624424,Michael Conforto,134,29.104477611940297,11.940298507462687,25.938566552901023,26.694915254237287,12.8
643396,Isiah Kiner-Falefa,133,13.533834586466165,9.022556390977444,34.66135458167331,16.30901287553648,2.9
683011,Anthony Volpe,133,21.804511278195488,13.533834586466165,23.616236162361623,23.043478260869566,4.7
681807,David Fry,133,29.32330827067669,14.285714285714286,27.1875,29.149797570850204,6.8
701350,Roman Anthony,131,25.19083969465649,14.50381679389313,21.58273381294964,25.61576354679803,9.2
808975,Hyeseong Kim,131,23.66412213740458,9.16030534351145,29.2,24.59016393442623,3.4
660162,Yoán Moncada,130,34.61538461538461,13.076923076923077,21.09090909090909,26.976744186046513,7.6
665877,José Fermín,129,13.953488372093023,6.976744186046512,23.863636363636363,11.428571428571429,2.0
682663,Agustín Ramírez,129,21.705426356589147,9.30232558139535,26.58730158730159,29.707112970711297,4.7
663647,Ke'Bryan Hayes,128,15.625,6.25,29.302325581395348,18.13186813186813,9.0
806068,Colt Emerson,128,32.8125,8.59375,35.842293906810035,29.433962264150942,6.8
595978,Austin Hedges,127,16.53543307086614,7.874015748031496,26.58730158730159,21.62162162162162,4.2
669743,Alex Call,126,14.285714285714286,12.698412698412698,21.348314606741575,12.236286919831224,2.2
687637,Dylan Beavers,126,25.396825396825395,11.904761904761905,23.703703703703702,20.502092050209207,6.3
545341,Randal Grichuk,125,22.4,4.0,31.277533039647576,23.636363636363637,14.4
656537,Derek Hill,124,34.67741935483871,6.451612903225806,34.74903474903475,33.46774193548387,11.1
596019,Francisco Lindor,122,15.573770491803279,9.836065573770492,28.282828282828284,20.987654320987655,8.9
814439,Ryan Waldschmidt,122,32.78688524590164,6.557377049180328,24.2152466367713,30.24390243902439,8.3
686668,Brenton Doyle,122,32.78688524590164,9.01639344262295,35.39823008849557,28.19383259911894,5.6
592206,Nick Castellanos,122,27.868852459016395,3.278688524590164,40.15151515151515,31.985294117647058,8.4
678489,Jorge Barrosa,121,28.925619834710744,7.43801652892562,30.215827338129497,25.0,6.7
660844,Leo Rivas,120,30.0,12.5,17.735849056603772,22.564102564102566,1.5
681508,Mickey Gasper,120,17.5,7.5,23.555555555555557,17.391304347826086,4.5
676724,Jared Young,120,21.666666666666668,8.333333333333334,26.373626373626372,24.669603524229075,13.4
641598,Mitch Garver,120,31.666666666666668,15.833333333333334,23.75886524822695,33.80952380952381,6.5
630105,Jake Cronenworth,119,19.327731092436974,11.764705882352942,25.475285171102662,19.81981981981982,5.1
608701,Rob Refsnyder,119,26.89075630252101,5.882352941176471,24.390243902439025,24.644549763033176,6.5
676914,Davis Schneider,118,33.05084745762712,15.254237288135593,20.973782771535582,27.722772277227723,11.5
669701,Josh Smith,118,18.64406779661017,11.016949152542374,32.17391304347826,20.093457943925234,5.0
694388,Joey Loperfido,117,24.786324786324787,11.11111111111111,28.755364806866954,27.47747747747748,6.9
664954,Brett Sullivan,117,18.803418803418804,4.273504273504273,35.78431372549019,16.0,3.4
672820,Lenyn Sosa,117,21.367521367521366,0.8547008547008547,50.0,19.10569105691057,5.6
676439,Hunter Feduccia,115,30.434782608695652,9.565217391304348,27.34375,22.01834862385321,9.0
685133,Wade Meckler,115,22.608695652173914,11.304347826086957,28.372093023255815,22.65193370165746,6.6
691740,Daniel Susac,115,23.47826086956522,5.217391304347826,41.125541125541126,23.605150214592275,5.0
666181,Will Benson,114,33.333333333333336,13.157894736842104,22.08835341365462,31.21951219512195,12.1
622761,Jorge Mateo,113,29.20353982300885,5.3097345132743365,41.452991452991455,27.272727272727273,9.5
642201,Eli White,113,20.353982300884955,5.3097345132743365,29.385964912280702,25.454545454545453,6.0
702616,Jackson Holliday,111,29.72972972972973,10.81081081081081,26.87224669603524,30.303030303030305,13.8
664056,Harrison Bader,111,30.63063063063063,3.6036036036036037,38.70967741935484,29.77777777777778,8.2
657136,Connor Wong,110,20.90909090909091,10.0,30.09259259259259,22.950819672131146,5.5
668952,Ryan Kreidler,109,16.513761467889907,9.174311926605505,27.1356783919598,28.77358490566038,10.1
691011,Drew Romo,108,25.925925925925927,9.25925925925926,34.27230046948357,29.166666666666668,8.7
681546,James Outman,108,41.666666666666664,8.333333333333334,29.20353982300885,39.647577092511014,6.0
621438,Tyrone Taylor,106,17.92452830188679,2.830188679245283,39.583333333333336,21.5311004784689,6.0
694371,Tommy Troy,106,21.69811320754717,9.433962264150944,27.102803738317757,23.404255319148938,11.1
516782,Starling Marte,106,26.41509433962264,7.547169811320755,31.182795698924732,26.020408163265305,13.2
682848,Endy Rodríguez,105,21.904761904761905,18.095238095238095,22.815533980582526,19.41176470588235,12.9
663330,Jahmai Jones,103,33.00970873786408,9.70873786407767,29.26829268292683,32.25806451612903,8.5
663368,Blake Perkins,101,21.782178217821784,9.900990099009901,28.89908256880734,18.88888888888889,4.5
677950,Alek Thomas,101,22.77227722772277,2.9702970297029703,42.473118279569896,22.277227722772277,8.3
666211,Taylor Trammell,101,33.663366336633665,7.920792079207921,28.42105263157895,35.13513513513514,12.1
682622,Noelvi Marte,101,25.742574257425744,7.920792079207921,35.3448275862069,23.076923076923077,7.5
680977,Brendan Donovan,101,14.851485148514852,10.891089108910892,25.263157894736842,17.105263157894736,4.3
688363,Graham Pauley,98,23.46938775510204,5.1020408163265305,25.943396226415093,20.338983050847457,4.3
679822,Justin Foscue,98,23.46938775510204,7.142857142857143,30.05464480874317,21.341463414634145,12.3
673357,Luis Robert,98,17.346938775510203,13.26530612244898,32.057416267942585,25.0,2.9
663604,Brandon Lockridge,97,25.77319587628866,10.309278350515465,29.807692307692307,22.65193370165746,1.6
623168,Tyler Heineman,97,20.61855670103093,3.0927835051546393,43.54838709677419,20.398009950248756,1.4
665923,Esteury Ruiz,97,26.804123711340207,9.278350515463918,32.535885167464116,29.38144329896907,7.0
519317,Giancarlo Stanton,96,30.208333333333332,6.25,30.28846153846154,35.26011560693642,18.0
677870,Leo Jimenez,96,22.916666666666668,7.291666666666667,27.906976744186046,20.652173913043477,4.9
670032,Nicky Lopez,94,15.957446808510639,3.1914893617021276,38.311688311688314,16.666666666666668,0.0
641555,J. C. Escarra,93,19.35483870967742,6.451612903225806,24.725274725274726,26.875,4.4
691176,Jasson Domínguez,93,22.580645161290324,4.301075268817204,36.170212765957444,25.136612021857925,3.1
624428,Adam Frazier,93,30.107526881720432,9.67741935483871,35.714285714285715,23.979591836734695,1.8
641584,Jake Fraley,90,27.77777777777778,8.88888888888889,21.85792349726776,19.41176470588235,8.8
666310,Bo Naylor,90,23.333333333333332,6.666666666666667,25.628140703517587,13.068181818181818,11.1
622268,Donovan Walton,89,19.10112359550562,3.3707865168539324,30.76923076923077,24.0,5.8
687597,Jordan Beck,88,25.0,5.681818181818182,40.95744680851064,27.717391304347824,3.3
694377,Nick Yorke,86,19.767441860465116,8.13953488372093,28.402366863905325,16.774193548387096,5.0
686894,Joey Wiemer,85,34.11764705882353,14.117647058823529,26.344086021505376,30.37037037037037,9.8
669392,Samad Taylor,84,29.761904761904763,11.904761904761905,27.84090909090909,20.58823529411765,2.0
457705,Andrew Mccutchen,83,26.50602409638554,10.843373493975903,20.454545454545453,30.625,5.8
668670,Jake Rogers,83,30.120481927710845,8.433734939759036,27.87878787878788,28.169014084507044,8.2
687515,Colby Thomas,82,28.048780487804876,4.878048780487805,40.0,29.18918918918919,10.9
642350,José Siri,82,25.609756097560975,7.317073170731708,44.785276073619634,32.55813953488372,13.0
673490,Ha-Seong Kim,82,26.829268292682926,10.975609756097562,24.431818181818183,17.687074829931973,3.9
595879,Javier Báez,82,19.51219512195122,2.4390243902439024,50.90909090909091,25.149700598802394,3.2
695336,Thomas Saggese,82,31.70731707317073,7.317073170731708,36.93181818181818,28.977272727272727,10.0
663457,Lars Nootbaar,81,20.987654320987655,13.580246913580247,17.72151898734177,16.666666666666668,11.5
665561,Rafael Marchán,81,17.28395061728395,1.2345679012345678,32.903225806451616,15.584415584415584,3.1
669699,Braden Shewmake,79,16.455696202531644,2.5316455696202533,54.13533834586466,21.11801242236025,6.3
694203,Denzer Guzman,78,20.512820512820515,7.6923076923076925,33.333333333333336,22.972972972972972,9.1
682987,Spencer Jones,78,41.02564102564103,11.538461538461538,34.224598930481285,37.640449438202246,2.8
677592,Everson Pereira,77,29.87012987012987,6.4935064935064934,40.84507042253521,34.41558441558441,10.6
694514,Sterlin Thompson,77,27.272727272727273,6.4935064935064934,29.479768786127167,27.564102564102566,6.3
694378,Jacob Gonzalez,77,23.376623376623378,9.090909090909092,35.80246913580247,19.428571428571427,2.0
694374,Tim Tawa,76,23.68421052631579,11.842105263157896,31.666666666666668,22.151898734177216,2.0
663698,Joey Bart,76,27.63157894736842,2.6315789473684212,31.972789115646258,24.285714285714285,7.7
666624,Christopher Morel,74,37.83783783783784,5.405405405405405,36.22047244094488,31.11111111111111,2.5
606992,Eric Haase,74,31.08108108108108,6.756756756756757,35.294117647058826,33.098591549295776,15.6
596103,Austin Slater,74,28.37837837837838,10.81081081081081,28.666666666666668,25.735294117647058,2.2
660710,Rodolfo Durán,73,24.65753424657534,9.58904109589041,28.02547770700637,23.96694214876033,10.6
694249,,73,20.54794520547945,13.698630136986301,37.908496732026144,23.178807947019866,6.4
695490,,73,21.91780821917808,4.109589041095891,40.76923076923077,17.72151898734177,0.0
645302,Víctor Robles,73,15.068493150684931,4.109589041095891,36.090225563909776,21.58273381294964,3.4
669397,Nick Allen,73,20.54794520547945,5.47945205479452,22.48062015503876,26.016260162601625,1.9
683748,Victor Mesa,71,23.943661971830984,12.67605633802817,32.89473684210526,23.91304347826087,11.1
695731,,71,23.943661971830984,8.450704225352112,28.46153846153846,25.58139534883721,6.3
640902,Jhonny Pereda,69,15.942028985507246,5.797101449275362,26.573426573426573,16.783216783216783,3.8
672284,Jarred Kelenic,69,36.231884057971016,11.594202898550725,28.08219178082192,34.4,22.2
656976,Pavin Smith,69,17.391304347826086,13.043478260869565,23.62204724409449,16.10169491525424,4.2
602104,Ramón Urías,68,17.647058823529413,8.823529411764707,25.423728813559322,21.73913043478261,10.9
682997,Tyler Callihan,67,31.34328358208955,11.940298507462687,32.592592592592595,29.054054054054053,10.8
675961,Alika Williams,66,28.78787878787879,3.0303030303030303,36.92307692307692,26.470588235294116,0.0
823550,Sung Mun Song,65,20.0,13.846153846153847,24.161073825503355,20.0,7.0
672386,Alejandro Kirk,65,16.923076923076923,6.153846153846154,38.63636363636363,21.311475409836067,4.0
672356,Gabriel Arias,63,41.26984126984127,3.1746031746031744,35.24590163934426,43.220338983050844,11.8
543510,James Mccann,62,27.419354838709676,1.6129032258064515,45.833333333333336,28.8,6.8
553869,Elías Díaz,61,21.311475409836067,1.639344262295082,41.81818181818182,29.6,6.4
593871,Jorge Polanco,61,18.0327868852459,8.19672131147541,32.8,19.047619047619047,4.4
669899,Ryan Ward,60,28.333333333333332,8.333333333333334,32.08955223880597,20.895522388059703,10.5
669289,Santiago Espinal,60,13.333333333333334,1.6666666666666667,34.234234234234236,13.392857142857142,2.0
672016,Denzel Clarke,60,40.0,6.666666666666667,29.00763358778626,33.027522935779814,3.1
663697,Jonathan India,58,22.413793103448278,13.793103448275861,17.94871794871795,20.43010752688172,5.7
669134,Luis Campusano,58,25.862068965517242,8.620689655172415,35.294117647058826,27.678571428571427,10.8
665861,Sebastián Rivero,57,21.05263157894737,5.2631578947368425,44.71544715447155,21.323529411764707,0.0
699625,Jimmy Crooks,57,29.82456140350877,8.771929824561404,31.746031746031747,27.722772277227723,5.9
642851,Austin Wynns,57,24.56140350877193,5.2631578947368425,42.57425742574257,27.19298245614035,5.0
682877,Juan Brito,56,30.357142857142858,7.142857142857143,35.2,30.70175438596491,2.9
690984,Petey Halpin,56,28.571428571428573,1.7857142857142858,38.613861386138616,25.225225225225227,7.7
670097,Zack Short,55,30.90909090909091,12.727272727272727,27.272727272727273,30.0,6.7
699393,Pedro Ramírez,54,16.666666666666668,5.555555555555555,33.68421052631579,17.582417582417584,4.8
665953,Andrés Chaparro,54,22.22222222222222,18.51851851851852,28.776978417266186,25.0,9.7
642215,Weston Wilson,54,20.37037037037037,11.11111111111111,27.184466019417474,25.0,2.9
805904,Zach Cole,53,39.62264150943396,1.8867924528301887,28.181818181818183,42.2680412371134,16.7
663494,Bryan Torres,53,15.09433962264151,9.433962264150944,33.00970873786408,18.47826086956522,7.5
691458,,53,9.433962264150944,3.7735849056603774,36.0,14.423076923076923,8.7
687957,Dustin Harris,53,13.20754716981132,11.320754716981131,31.683168316831683,13.75,0.0
624431,Jose Trevino,52,15.384615384615385,1.9230769230769231,44.44444444444444,24.705882352941178,2.3
663611,Nick Madrigal,52,5.769230769230769,13.461538461538462,31.632653061224488,7.6923076923076925,0.0
694410,,52,19.23076923076923,9.615384615384615,20.21276595744681,14.117647058823529,11.1
701305,Zach Dezenzo,51,37.254901960784316,7.8431372549019605,29.12621359223301,31.818181818181817,14.3
669326,Bryce Teodosio,51,35.294117647058826,5.882352941176471,38.888888888888886,31.95876288659794,6.7
690924,Braxton Fulford,51,37.254901960784316,11.764705882352942,24.62686567164179,32.18390804597701,8.0
606115,Orlando Arcia,50,16.0,4.0,34.831460674157306,19.767441860465116,2.5
665052,Griffin Conine,50,30.0,10.0,37.735849056603776,42.04545454545455,17.2
699013,Esmerlyn Valdez,50,38.0,10.0,22.52252252252252,38.541666666666664,38.5
669369,Bryce Johnson,49,36.734693877551024,6.122448979591836,39.583333333333336,30.107526881720432,0.0
664059,Sam Haggerty,47,34.04255319148936,4.25531914893617,33.75,28.40909090909091,0.0
656577,Alex Jackson,46,28.26086956521739,0.0,40.24390243902439,25.84269662921348,0.0
680474,Max Schuemann,46,26.08695652173913,19.565217391304348,20.18348623853211,29.26829268292683,13.0
656582,Connor Joe,45,33.333333333333336,13.333333333333334,24.299065420560748,24.705882352941178,8.3
695238,Will Wagner,45,15.555555555555555,20.0,24.0,15.492957746478874,0.0
669720,Austin Hays,44,29.545454545454547,0.0,39.361702127659576,34.831460674157306,3.3
691783,Jordan Lawlar,44,22.727272727272727,6.818181818181818,29.166666666666668,19.753086419753085,3.6
806198,,44,22.727272727272727,11.363636363636363,29.761904761904763,22.666666666666668,3.4
677595,Ronny Mauricio,44,36.36363636363637,0.0,57.47126436781609,31.0,10.7
621550,Patrick Wisdom,44,40.90909090909091,4.545454545454546,39.743589743589745,35.483870967741936,21.7
506702,Sandy León,44,40.90909090909091,0.0,38.75,26.0,0.0
683679,Jesus Rodriguez,43,11.627906976744185,6.976744186046512,31.944444444444443,17.80821917808219,2.9
686765,Nick Sogard,42,14.285714285714286,11.904761904761905,22.61904761904762,16.666666666666668,0.0
678011,Anthony Seigler,41,17.073170731707318,9.75609756097561,25.0,22.727272727272727,0.0
676369,Nelson Velázquez,40,25.0,7.5,33.333333333333336,32.0,11.5
518595,Travis D'Arnaud,40,17.5,7.5,28.35820895522388,24.63768115942029,14.3
678009,Parker Meadows,39,25.641025641025642,5.128205128205129,27.906976744186046,18.91891891891892,3.8
694025,Felix Reyes,39,23.076923076923077,0.0,52.857142857142854,26.08695652173913,6.9
691373,Jhostynxon Garcia,38,26.31578947368421,2.6315789473684212,45.333333333333336,30.136986301369863,4.0
669398,Gage Workman,38,42.10526315789474,0.0,42.30769230769231,30.952380952380953,22.7
671655,George Valera,38,21.05263157894737,2.6315789473684212,40.35087719298246,16.176470588235293,0.0
686475,Tyler Tolbert,38,26.31578947368421,10.526315789473685,35.2112676056338,28.37837837837838,4.2
669242,Tommy Edman,37,18.91891891891892,10.81081081081081,30.864197530864196,18.055555555555557,7.7
677956,Rece Hinds,36,50.0,2.7777777777777777,42.391304347826086,42.68292682926829,0.0
682674,Victor Bericoto,36,27.77777777777778,2.7777777777777777,43.20987654320987,27.710843373493976,16.0
687282,,36,30.555555555555557,0.0,53.6231884057971,28.40909090909091,4.0
696135,,36,30.555555555555557,2.7777777777777777,33.333333333333336,29.310344827586206,12.5
650391,Eloy Jiménez,35,20.0,8.571428571428571,39.24050632911393,29.850746268656717,4.0
680737,Michael Helman,35,17.142857142857142,2.857142857142857,43.333333333333336,20.895522388059703,0.0
666464,Jerar Encarnacion,35,22.857142857142858,2.857142857142857,43.373493975903614,18.072289156626507,7.7
670224,Kameron Misner,34,38.23529411764706,2.9411764705882355,30.666666666666668,30.263157894736842,0.0
624512,Reese Mcguire,34,26.470588235294116,5.882352941176471,37.5,20.0,0.0
677060,Chad Stevens,34,38.23529411764706,14.705882352941176,37.77777777777778,25.675675675675677,6.3
700246,Carson Williams,33,33.333333333333336,6.0606060606060606,34.48275862068966,28.125,0.0
650968,Yohel Pozo,33,9.090909090909092,0.0,53.191489361702125,11.594202898550725,0.0
687749,,33,42.42424242424242,6.0606060606060606,47.142857142857146,41.07142857142857,5.9
695020,Tanner Murray,33,21.21212121212121,3.0303030303030303,32.142857142857146,32.0,8.7
664731,P. J. Higgins,32,25.0,6.25,18.0327868852459,21.568627450980394,0.0
644433,Chadwick Tromp,30,23.333333333333332,0.0,50.0,26.153846153846153,0.0
676572,Eric Wagaman,30,23.333333333333332,6.666666666666667,20.689655172413794,31.914893617021278,10.5
807747,Rikuu Nishida,30,16.666666666666668,0.0,30.952380952380953,13.043478260869565,0.0
596117,Garrett Stubbs,28,17.857142857142858,3.5714285714285716,42.10526315789474,21.818181818181817,0.0
672012,Tyler Black,28,25.0,3.5714285714285716,32.0,23.076923076923077,0.0
813841,Jonah Cox,28,50.0,0.0,43.75,43.333333333333336,7.1
680718,Addison Barger,28,25.0,17.857142857142858,35.526315789473685,19.23076923076923,0.0
656413,Stuart Fairchild,27,51.851851851851855,25.925925925925927,23.529411764705884,66.66666666666667,0.0
669384,,27,14.814814814814815,3.7037037037037037,36.8421052631579,23.91304347826087,4.5
805249,Otto Kemp,27,37.03703703703704,3.7037037037037037,33.8235294117647,36.206896551724135,0.0
670156,Miles Mastrobuoni,27,37.03703703703704,7.407407407407407,26.53061224489796,21.05263157894737,0.0
467793,Carlos Santana,26,30.76923076923077,7.6923076923076925,35.714285714285715,27.77777777777778,0.0
628451,Andy Ibáñez,26,11.538461538461538,3.8461538461538463,51.42857142857143,17.307692307692307,0.0
695257,Billy Cook,26,42.30769230769231,0.0,52.77777777777778,27.272727272727273,0.0
681987,Nate Eaton,25,20.0,16.0,17.647058823529413,30.232558139534884,13.3
692216,Cj Kayfus,25,32.0,8.0,34.48275862068966,36.206896551724135,21.4
691019,Kyle Teel,25,40.0,8.0,27.692307692307693,43.13725490196079,8.3
807727,Charles Mcadoo,25,24.0,0.0,30.555555555555557,18.75,5.3
694376,Shay Whitcomb,24,45.833333333333336,4.166666666666667,38.888888888888886,42.22222222222222,16.7
669087,Sam Huff,23,47.82608695652174,0.0,42.857142857142854,38.46153846153846,16.7
645305,Ali Sánchez,23,30.434782608695652,4.3478260869565215,26.829268292682926,30.76923076923077,0.0
686823,Will Brennan,23,13.043478260869565,0.0,56.41025641025641,6.0,0.0
663967,César Salazar,23,13.043478260869565,13.043478260869565,27.77777777777778,11.904761904761905,0.0
695681,Christian Moore,22,50.0,4.545454545454546,30.232558139534884,35.714285714285715,10.0
675659,Greg Jones,22,40.90909090909091,0.0,37.5,35.0,0.0
642020,Chuckie Robinson,22,18.181818181818183,0.0,28.571428571428573,25.0,0.0
682641,Luis Matos,21,33.333333333333336,4.761904761904762,52.38095238095238,29.545454545454547,0.0
600869,Jeimer Candelario,20,40.0,5.0,35.13513513513514,47.82608695652174,0.0
605244,Aramis Garcia,19,31.57894736842105,0.0,39.39393939393939,23.529411764705884,7.7
670231,John Rave,19,31.57894736842105,15.789473684210526,25.58139534883721,28.571428571428573,33.3
683227,Cody Freeman,18,27.77777777777778,5.555555555555555,26.470588235294116,23.333333333333332,0.0
669288,Daniel Johnson,17,17.647058823529413,11.764705882352942,28.125,21.73913043478261,0.0
663584,Hayden Senger,17,23.529411764705884,0.0,46.666666666666664,23.529411764705884,0.0
693409,César Prieto,17,11.764705882352942,0.0,38.888888888888886,16.666666666666668,6.7
640492,José Azócar,16,18.75,6.25,44.11764705882353,25.714285714285715,0.0
571657,Kyle Farmer,15,26.666666666666668,0.0,57.69230769230769,27.586206896551722,0.0
683766,Christian Koss,15,13.333333333333334,0.0,41.1764705882353,25.0,0.0
664238,Dylan Moore,15,40.0,20.0,26.08695652173913,29.41176470588235,0.0
608841,Joey Meneses,15,13.333333333333334,20.0,26.666666666666668,10.0,0.0
663624,Ryan Mountcastle,15,13.333333333333334,6.666666666666667,44.827586206896555,8.823529411764707,0.0
668942,Josh Rojas,15,13.333333333333334,0.0,39.130434782608695,13.793103448275861,7.7
805672,,14,42.857142857142854,7.142857142857143,32.142857142857146,53.84615384615385,0.0
502054,Tommy Pham,14,50.0,7.142857142857143,31.03448275862069,29.62962962962963,0.0
669221,Sean Murphy,14,42.857142857142854,0.0,54.54545454545455,45.833333333333336,0.0
691907,Tsung-Che Cheng,14,21.428571428571427,7.142857142857143,23.529411764705884,31.818181818181817,10.0
649966,Luis Urías,14,14.285714285714286,14.285714285714286,41.1764705882353,12.5,10.0
641820,Trey Mancini,14,21.428571428571427,0.0,40.90909090909091,18.75,18.2
703492,Nick Morabito,13,69.23076923076923,0.0,50.0,63.63636363636363,0.0
701162,,13,30.76923076923077,15.384615384615385,33.333333333333336,32.0,0.0
664774,Lamonte Wade,13,23.076923076923077,7.6923076923076925,24.137931034482758,12.5,11.1
660644,Vidal Bruján,13,7.6923076923076925,7.6923076923076925,23.80952380952381,22.727272727272727,0.0
678577,,13,38.46153846153846,7.6923076923076925,26.666666666666668,39.285714285714285,0.0
693459,,13,30.76923076923077,15.384615384615385,36.666666666666664,34.48275862068966,0.0
686554,Oliver Dunn,12,25.0,8.333333333333334,28.571428571428573,30.0,0.0
671286,Johnathan Rodríguez,11,36.36363636363637,27.272727272727273,25.0,19.23076923076923,0.0
642133,Rowdy Tellez,10,30.0,0.0,33.333333333333336,28.571428571428573,28.6
694876,,10,40.0,30.0,26.666666666666668,10.0,0.0
669208,Ryan Bliss,10,30.0,10.0,31.818181818181817,33.333333333333336,0.0
682634,Kevin Alcántara,10,40.0,10.0,34.78260869565217,33.333333333333336,0.0
669256,Nick Solak,10,0.0,10.0,36.36363636363637,0.0,12.5
596146,Max Kepler,9,22.22222222222222,0.0,52.38095238095238,23.80952380952381,14.3
701852,,9,11.11111111111111,11.11111111111111,28.571428571428573,10.526315789473685,0.0
671083,Buddy Kennedy,8,37.5,12.5,36.0,17.391304347826086,0.0
690291,Jace Jung,8,12.5,25.0,17.647058823529413,6.666666666666667,0.0
665828,Oswaldo Cabrera,7,42.857142857142854,0.0,20.0,14.285714285714286,0.0
672642,Steward Berroa,7,57.142857142857146,0.0,50.0,7.6923076923076925,0.0
691277,Deyvison De Los Santos,7,42.857142857142854,0.0,57.142857142857146,31.57894736842105,25.0
666931,Jared Oliva,7,14.285714285714286,0.0,41.666666666666664,12.5,0.0
690022,Ryan Ritter,7,42.857142857142854,0.0,45.45454545454545,33.333333333333336,0.0
695391,Brett Harris,6,33.333333333333336,16.666666666666668,0.0,25.0,0.0
682515,Logan Porter,6,33.333333333333336,33.333333333333336,18.75,22.22222222222222,0.0
669717,Will Wilson,6,16.666666666666668,16.666666666666668,33.333333333333336,38.46153846153846,25.0
663609,Luken Baker,5,60.0,0.0,37.5,50.0,0.0
640459,Brian Navarreto,5,20.0,20.0,0.0,25.0,0.0
669360,,5,60.0,0.0,14.285714285714286,40.0,0.0
805347,Jim Jarvis,5,40.0,0.0,30.76923076923077,18.181818181818183,0.0
804668,Rafael Flores,5,0.0,40.0,18.181818181818183,37.5,33.3
683021,Michael Stefanic,5,20.0,0.0,33.333333333333336,12.5,0.0
695508,,4,0.0,25.0,0.0,0.0,0.0
811965,,4,0.0,0.0,33.333333333333336,0.0,0.0
664068,Scott Kingery,4,0.0,0.0,44.44444444444444,12.5,0.0
666185,Dylan Carlson,4,50.0,0.0,11.11111111111111,33.333333333333336,0.0
694224,Gabriel Gonzalez,4,0.0,50.0,0.0,0.0,0.0
663853,Romy Gonzalez,4,0.0,0.0,50.0,14.285714285714286,0.0
681909,Justin Dean,4,25.0,0.0,71.42857142857143,16.666666666666668,0.0
571771,Enrique Hernández,4,0.0,0.0,42.857142857142854,16.666666666666668,50.0
673995,Davis Wendzel,4,0.0,0.0,35.714285714285715,14.285714285714286,0.0
815873,,4,25.0,0.0,30.0,36.36363636363637,0.0
683079,Omar Martinez,3,33.333333333333336,0.0,28.571428571428573,0.0,0.0
675448,,3,100.0,0.0,44.44444444444444,57.142857142857146,
691620,Jeferson Quero,2,0.0,50.0,28.571428571428573,50.0,0.0
665856,Jair Camargo,2,50.0,0.0,33.333333333333336,50.0,100.0
663897,Luke Williams,1,0.0,100.0,0.0,,
672279,Michael Siani,1,0.0,0.0,25.0,0.0,0.0
668974,Maverick Handley,1,100.0,0.0,66.66666666666667,66.66666666666667,
