batter,name,team,pa,avg,obp,p_1b,p_2b,p_3b,p_hr,p_bb,p_k,p_dp,p_out,p_sf,p_sh,sb_rate,cs_rate
695578,James Wood,Washington,411,0.265,0.389,0.11435523114355231,0.051094890510948905,0.0,0.0535279805352798,0.17031630170316303,0.30413625304136255,0.0072992700729927005,0.2944038929440389,0.004866180048661801,0.0,0.1111111111111111,0.017094017094017096
621493,Taylor Ward,Baltimore,400,0.25,0.378,0.1475,0.045,0.0,0.0125,0.1725,0.2125,0.0175,0.385,0.0075,0.0,0.015625,0.015625
683002,Gunnar Henderson,Baltimore,399,0.227,0.298,0.12030075187969924,0.040100250626566414,0.005012531328320802,0.040100250626566414,0.092731829573935,0.22807017543859648,0.007518796992481203,0.46365914786967416,0.002506265664160401,0.0,0.07058823529411765,0.047058823529411764
608324,Alex Bregman,Chicago,391,0.24,0.34,0.15601023017902813,0.028132992327365727,0.0025575447570332483,0.017902813299232736,0.13554987212276215,0.15601023017902813,0.023017902813299233,0.47058823529411764,0.010230179028132993,0.0,0.017543859649122806,0.008771929824561403
701762,Nick Kurtz,Athletics,389,0.279,0.422,0.13367609254498714,0.038560411311053984,0.002570694087403599,0.04884318766066838,0.19794344473007708,0.3059125964010283,0.012853470437017995,0.2596401028277635,0.0,0.0,0.05426356589147287,0.007751937984496124
683737,Michael Busch,Chicago,386,0.235,0.368,0.12176165803108809,0.03626943005181347,0.0051813471502590676,0.02849740932642487,0.17616580310880825,0.22797927461139897,0.010362694300518135,0.3860103626943005,0.007772020725388601,0.0,0.017391304347826087,0.0
663538,Nico Hoerner,Chicago,385,0.24,0.317,0.14805194805194805,0.05454545454545454,0.0,0.01038961038961039,0.10389610389610393,0.07532467532467532,0.01818181818181818,0.5792207792207792,0.01038961038961039,0.0,0.12371134020618557,0.020618556701030927
624413,Pete Alonso,Baltimore,380,0.247,0.339,0.12368421052631579,0.039473684210526314,0.0,0.05,0.12631578947368416,0.24736842105263157,0.021052631578947368,0.3815789473684211,0.010526315789473684,0.0,0.021052631578947368,0.0
687263,Zach Neto,Los Angeles,379,0.227,0.322,0.10026385224274406,0.044854881266490766,0.005277044854881266,0.047493403693931395,0.12401055408970973,0.32189973614775724,0.005277044854881266,0.3482849604221636,0.002638522427440633,0.0,0.12941176470588237,0.08235294117647059
670541,Yordan Alvarez,Houston,379,0.319,0.433,0.15303430079155672,0.04221635883905013,0.0,0.06860158311345646,0.16886543535620058,0.17150395778364116,0.005277044854881266,0.38522427440633245,0.005277044854881266,0.0,0.00819672131147541,0.0
691718,Pete Crow-Armstrong,Chicago,378,0.287,0.374,0.15343915343915343,0.03439153439153439,0.010582010582010581,0.05026455026455026,0.1243386243386243,0.25925925925925924,0.005291005291005291,0.3544973544973545,0.005291005291005291,0.0026455026455026454,0.2,0.047619047619047616
666182,Bo Bichette,New York,378,0.25,0.296,0.16666666666666666,0.03439153439153439,0.0026455026455026454,0.026455026455026454,0.06613756613756616,0.18783068783068782,0.023809523809523808,0.47883597883597884,0.013227513227513227,0.0,0.011363636363636364,0.0
677594,Julio Rodríguez,Seattle,377,0.259,0.321,0.15915119363395225,0.03978779840848806,0.0,0.03713527851458886,0.08488063660477452,0.20954907161803712,0.01856763925729443,0.4482758620689655,0.002652519893899204,0.0,0.13043478260869565,0.03260869565217391
668804,Bryan Reynolds,Pittsburgh,377,0.28,0.395,0.14588859416445624,0.05305039787798409,0.005305039787798408,0.029177718832891247,0.1618037135278514,0.22281167108753316,0.010610079575596816,0.3660477453580902,0.005305039787798408,0.0,0.04310344827586207,0.0
607208,Trea Turner,Philadelphia,376,0.239,0.287,0.15691489361702127,0.0398936170212766,0.0,0.026595744680851064,0.06382978723404253,0.22606382978723405,0.010638297872340425,0.4734042553191489,0.0026595744680851063,0.0,0.1927710843373494,0.024096385542168676
671056,Iván Herrera,St. Louis,374,0.252,0.39,0.13636363636363635,0.0374331550802139,0.00267379679144385,0.026737967914438502,0.1871657754010695,0.15775401069518716,0.02406417112299465,0.42245989304812837,0.0053475935828877,0.0,0.04132231404958678,0.0
805808,Kevin McGonigle,Detroit,373,0.282,0.391,0.16353887399463807,0.04825737265415549,0.00804289544235925,0.01876675603217158,0.15281501340482573,0.13941018766756033,0.005361930294906166,0.46380697050938335,0.0,0.0,0.09322033898305085,0.0
681624,Andy Pages,Los Angeles,372,0.271,0.328,0.14516129032258066,0.053763440860215055,0.002688172043010753,0.043010752688172046,0.08333333333333337,0.1989247311827957,0.021505376344086023,0.4381720430107527,0.013440860215053764,0.0,0.09411764705882353,0.07058823529411765
656941,Kyle Schwarber,Philadelphia,371,0.252,0.367,0.10512129380053908,0.02425876010781671,0.0026954177897574125,0.08086253369272237,0.1536388140161724,0.3423180592991914,0.0026954177897574125,0.2857142857142857,0.0026954177897574125,0.0,0.020833333333333332,0.0
701398,Sal Stewart,Cincinnati,369,0.257,0.341,0.13008130081300814,0.051490514905149054,0.0,0.04336043360433604,0.11653116531165308,0.2140921409214092,0.024390243902439025,0.41192411924119243,0.008130081300813009,0.0,0.12087912087912088,0.03296703296703297
660271,Shohei Ohtani,Los Angeles,369,0.291,0.406,0.14363143631436315,0.04065040650406504,0.005420054200542005,0.04878048780487805,0.1707317073170732,0.23035230352303523,0.013550135501355014,0.33604336043360433,0.01084010840108401,0.0,0.05263157894736842,0.017543859649122806
695734,Daylen Lile,Washington,368,0.25,0.304,0.14673913043478262,0.051630434782608696,0.008152173913043478,0.021739130434782608,0.07608695652173914,0.16847826086956522,0.01358695652173913,0.5027173913043478,0.010869565217391304,0.0,0.08536585365853659,0.06097560975609756
518692,Freddie Freeman,Los Angeles,367,0.294,0.384,0.15258855585831063,0.05994550408719346,0.0027247956403269754,0.03814713896457766,0.13079019073569476,0.16076294277929154,0.02997275204359673,0.41689373297002724,0.008174386920980926,0.0,0.028846153846153848,0.0
665487,Fernando Tatis Jr.,San Diego,367,0.28,0.342,0.19346049046321526,0.04087193460490463,0.0027247956403269754,0.013623978201634877,0.08991825613079019,0.1989100817438692,0.01907356948228883,0.4250681198910082,0.013623978201634877,0.0027247956403269754,0.18269230769230768,0.08653846153846154
621566,Matt Olson,Atlanta,366,0.272,0.342,0.1284153005464481,0.060109289617486336,0.0,0.0546448087431694,0.09836065573770492,0.22950819672131148,0.00546448087431694,0.41530054644808745,0.00819672131147541,0.0,0.024096385542168676,0.0
678246,Miguel Vargas,Chicago,365,0.244,0.357,0.1095890410958904,0.0410958904109589,0.0027397260273972603,0.052054794520547946,0.1534246575342466,0.1643835616438356,0.010958904109589041,0.4602739726027397,0.005479452054794521,0.0,0.11578947368421053,0.021052631578947368
547180,Bryce Harper,Philadelphia,365,0.275,0.375,0.12876712328767123,0.0410958904109589,0.005479452054794521,0.0547945205479452,0.14520547945205464,0.19452054794520549,0.021917808219178082,0.3917808219178082,0.01643835616438356,0.0,0.05,0.03
668930,Brice Turang,Milwaukee,364,0.259,0.36,0.13186813186813187,0.046703296703296704,0.008241758241758242,0.03296703296703297,0.13736263736263743,0.260989010989011,0.019230769230769232,0.3489010989010989,0.005494505494505495,0.008241758241758242,0.1326530612244898,0.02040816326530612
669364,Xavier Edwards,Miami,363,0.303,0.381,0.19834710743801653,0.03581267217630854,0.013774104683195593,0.01652892561983471,0.11570247933884292,0.12121212121212122,0.02203856749311295,0.465564738292011,0.008264462809917356,0.0027548209366391185,0.11403508771929824,0.02631578947368421
691406,Junior Caminero,Tampa Bay,363,0.293,0.383,0.15426997245179064,0.03305785123966942,0.0,0.06611570247933884,0.12947658402203843,0.1790633608815427,0.0440771349862259,0.3884297520661157,0.005509641873278237,0.0,0.0,0.019417475728155338
646240,Rafael Devers,San Francisco,363,0.242,0.306,0.11019283746556474,0.06611570247933884,0.0027548209366391185,0.04132231404958678,0.08539944903581276,0.2892561983471074,0.01928374655647383,0.38016528925619836,0.005509641873278237,0.0,0.0,0.0
664023,Ian Happ,Chicago,362,0.223,0.331,0.09392265193370165,0.04419889502762431,0.0055248618784530384,0.04696132596685083,0.14088397790055252,0.32044198895027626,0.019337016574585635,0.3259668508287293,0.0027624309392265192,0.0,0.047058823529411764,0.0
682985,Riley Greene,Detroit,362,0.285,0.376,0.1685082872928177,0.04696132596685083,0.0,0.03038674033149171,0.12983425414364635,0.26795580110497236,0.024861878453038673,0.32320441988950277,0.008287292817679558,0.0,0.018518518518518517,0.009259259259259259
666176,Jo Adell,Los Angeles,362,0.246,0.29,0.15469613259668508,0.04143646408839779,0.0027624309392265192,0.03038674033149171,0.06077348066298349,0.2265193370165746,0.024861878453038673,0.4530386740331492,0.0055248618784530384,0.0,0.038461538461538464,0.0
672640,Otto Lopez,Miami,362,0.332,0.365,0.21823204419889503,0.06077348066298342,0.011049723756906077,0.019337016574585635,0.05524861878453036,0.13812154696132597,0.022099447513812154,0.4613259668508287,0.013812154696132596,0.0,0.16161616161616163,0.030303030303030304
669127,Shea Langeliers,Athletics,361,0.265,0.33,0.14127423822714683,0.0443213296398892,0.0,0.055401662049861494,0.08864265927977844,0.20221606648199447,0.0110803324099723,0.45429362880886426,0.002770083102493075,0.0,0.024096385542168676,0.012048192771084338
641355,Cody Bellinger,New York,361,0.254,0.352,0.1329639889196676,0.0443213296398892,0.008310249307479225,0.030470914127423823,0.1357340720221606,0.14127423822714683,0.00554016620498615,0.48753462603878117,0.013850415512465374,0.0,0.10309278350515463,0.041237113402061855
572233,Christian Walker,Houston,361,0.239,0.31,0.11634349030470914,0.0443213296398892,0.002770083102493075,0.05263157894736842,0.09418282548476453,0.22437673130193905,0.0221606648199446,0.4404432132963989,0.002770083102493075,0.0,0.0,0.0
606466,Ketel Marte,Arizona,360,0.267,0.322,0.14166666666666666,0.05,0.005555555555555556,0.04722222222222222,0.07777777777777772,0.1361111111111111,0.011111111111111112,0.5222222222222223,0.008333333333333333,0.0,0.0379746835443038,0.0
645277,Ozzie Albies,Atlanta,360,0.276,0.325,0.16944444444444445,0.041666666666666664,0.0,0.03611111111111111,0.07777777777777772,0.11388888888888889,0.008333333333333333,0.525,0.027777777777777776,0.0,0.011235955056179775,0.033707865168539325
802139,JJ Wetherholt,St. Louis,359,0.259,0.357,0.1671309192200557,0.022284122562674095,0.0,0.033426183844011144,0.13370473537604444,0.15877437325905291,0.002785515320334262,0.4763231197771588,0.005571030640668524,0.0,0.08333333333333333,0.0
677800,Wilyer Abreu,Boston,358,0.266,0.331,0.1564245810055866,0.0446927374301676,0.008379888268156424,0.027932960893854747,0.0949720670391061,0.2011173184357542,0.019553072625698324,0.4329608938547486,0.0111731843575419,0.002793296089385475,0.06741573033707865,0.02247191011235955
650333,Luis Arraez,San Francisco,358,0.326,0.361,0.2122905027932961,0.05027932960893855,0.019553072625698324,0.0111731843575419,0.06145251396648044,0.036312849162011177,0.01675977653631285,0.553072625698324,0.0223463687150838,0.01675977653631285,0.061224489795918366,0.0
666018,Jonathan Aranda,Tampa Bay,358,0.294,0.399,0.17039106145251395,0.036312849162011177,0.0,0.036312849162011177,0.15642458100558654,0.21787709497206703,0.019553072625698324,0.3463687150837989,0.01675977653631285,0.0,0.0,0.0
677951,Bobby Witt Jr.,Kansas City,358,0.293,0.366,0.16759776536312848,0.055865921787709494,0.002793296089385475,0.0335195530726257,0.10614525139664821,0.16759776536312848,0.01675977653631285,0.441340782122905,0.008379888268156424,0.0,0.2857142857142857,0.04081632653061224
664040,Brandon Lowe,Pittsburgh,356,0.24,0.315,0.09831460674157304,0.05337078651685393,0.0028089887640449437,0.056179775280898875,0.1039325842696629,0.2612359550561798,0.008426966292134831,0.398876404494382,0.016853932584269662,0.0,0.0,0.0
682928,CJ Abrams,Washington,355,0.273,0.355,0.13802816901408452,0.04507042253521127,0.005633802816901409,0.05070422535211268,0.11549295774647883,0.21971830985915494,0.011267605633802818,0.4056338028169014,0.008450704225352112,0.0,0.14444444444444443,0.044444444444444446
607043,Brandon Nimmo,Texas,354,0.262,0.333,0.14689265536723164,0.05649717514124294,0.00847457627118644,0.022598870056497175,0.09887005649717517,0.2062146892655367,0.022598870056497175,0.4322033898305085,0.005649717514124294,0.0,0.034482758620689655,0.011494252873563218
682998,Corbin Carroll,Arizona,354,0.269,0.356,0.12146892655367232,0.0480225988700565,0.02824858757062147,0.03672316384180791,0.12146892655367236,0.22033898305084745,0.011299435028248588,0.4067796610169492,0.005649717514124294,0.0,0.10465116279069768,0.023255813953488372
676475,Alec Burleson,St. Louis,353,0.275,0.343,0.1501416430594901,0.056657223796033995,0.0028328611898017,0.036827195467422094,0.09631728045325771,0.14730878186968838,0.025495750708215296,0.47592067988668557,0.0084985835694051,0.0,0.022988505747126436,0.0
656305,Matt Chapman,San Francisco,352,0.235,0.324,0.13068181818181818,0.05113636363636364,0.002840909090909091,0.019886363636363636,0.11931818181818177,0.23011363636363635,0.017045454545454544,0.42045454545454547,0.008522727272727272,0.0,0.0,0.022727272727272728
650490,Yandy Díaz,Tampa Bay,351,0.329,0.41,0.20512820512820512,0.042735042735042736,0.002849002849002849,0.03418803418803419,0.12535612535612528,0.13105413105413105,0.02564102564102564,0.42450142450142453,0.008547008547008548,0.0,0.008620689655172414,0.008620689655172414
805367,Chase Meidroth,Chicago,351,0.272,0.344,0.1794871794871795,0.042735042735042736,0.0,0.017094017094017096,0.10256410256410253,0.245014245014245,0.011396011396011397,0.38461538461538464,0.005698005698005698,0.011396011396011397,0.02040816326530612,0.02040816326530612
805300,Jakob Marsee,Miami,351,0.189,0.307,0.10826210826210826,0.03133903133903134,0.008547008547008548,0.011396011396011397,0.14529914529914534,0.2336182336182336,0.005698005698005698,0.4444444444444444,0.002849002849002849,0.008547008547008548,0.20224719101123595,0.10112359550561797
673962,Josh Jung,Texas,350,0.294,0.357,0.18285714285714286,0.05714285714285714,0.0,0.025714285714285714,0.09142857142857153,0.18,0.037142857142857144,0.42,0.005714285714285714,0.0,0.010416666666666666,0.010416666666666666
672695,Geraldo Perdomo,Arizona,350,0.244,0.358,0.14285714285714285,0.03428571428571429,0.008571428571428572,0.014285714285714285,0.15428571428571425,0.12285714285714286,0.02,0.47714285714285715,0.014285714285714285,0.011428571428571429,0.11538461538461539,0.07692307692307693
665489,Vladimir Guerrero Jr.,Toronto,348,0.267,0.348,0.1839080459770115,0.03735632183908046,0.0,0.011494252873563218,0.11494252873563215,0.11206896551724138,0.028735632183908046,0.49712643678160917,0.014367816091954023,0.0,0.057692307692307696,0.009615384615384616
592518,Manny Machado,San Diego,348,0.19,0.274,0.07471264367816093,0.04597701149425287,0.0,0.04597701149425287,0.10632183908045978,0.22126436781609196,0.017241379310344827,0.47126436781609193,0.014367816091954023,0.0028735632183908046,0.015873015873015872,0.015873015873015872
702284,Cole Young,Seattle,348,0.261,0.323,0.1724137931034483,0.034482758620689655,0.0028735632183908046,0.02586206896551724,0.08620689655172409,0.1724137931034483,0.005747126436781609,0.4885057471264368,0.008620689655172414,0.0028735632183908046,0.022222222222222223,0.03333333333333333
647304,Josh Naylor,Seattle,347,0.257,0.321,0.1786743515850144,0.03170028818443804,0.0,0.023054755043227664,0.08933717579250722,0.12968299711815562,0.0345821325648415,0.5100864553314121,0.002881844380403458,0.0,0.16304347826086957,0.03260869565217391
700250,Ben Rice,New York,347,0.269,0.36,0.11815561959654179,0.043227665706051875,0.005763688760806916,0.06628242074927954,0.12680115273775217,0.23919308357348704,0.01729106628242075,0.37752161383285304,0.005763688760806916,0.0,0.023529411764705882,0.0
701538,Jackson Merrill,San Diego,346,0.211,0.271,0.12427745664739884,0.04335260115606936,0.002890173410404624,0.023121387283236993,0.07514450867052025,0.24855491329479767,0.014450867052023121,0.4595375722543353,0.0,0.008670520231213872,0.2608695652173913,0.014492753623188406
661388,William Contreras,Milwaukee,345,0.296,0.362,0.2028985507246377,0.034782608695652174,0.0,0.02608695652173913,0.09855072463768111,0.13043478260869565,0.02608695652173913,0.46956521739130436,0.011594202898550725,0.0,0.009615384615384616,0.019230769230769232
691023,Jordan Walker,St. Louis,345,0.288,0.342,0.16521739130434782,0.0463768115942029,0.0,0.05217391304347826,0.0782608695652175,0.2608695652173913,0.017391304347826087,0.3739130434782609,0.005797101449275362,0.0,0.13095238095238096,0.047619047619047616
663656,Kyle Tucker,Los Angeles,344,0.239,0.343,0.1308139534883721,0.046511627906976744,0.005813953488372093,0.020348837209302327,0.13953488372093015,0.20930232558139536,0.0,0.438953488372093,0.00872093023255814,0.0,0.06451612903225806,0.0
670623,Isaac Paredes,Houston,344,0.25,0.346,0.13662790697674418,0.046511627906976744,0.0,0.03197674418604651,0.1308139534883721,0.15988372093023256,0.029069767441860465,0.4563953488372093,0.00872093023255814,0.0,0.0,0.0
672960,Kazuma Okamoto,Toronto,344,0.24,0.323,0.125,0.03197674418604651,0.0,0.055232558139534885,0.11046511627906974,0.31976744186046513,0.014534883720930232,0.3372093023255814,0.005813953488372093,0.0,0.0,0.0
701807,Carson Benge,New York,343,0.259,0.318,0.17201166180758018,0.03206997084548105,0.0058309037900874635,0.029154518950437316,0.07871720116618075,0.21865889212827988,0.0058309037900874635,0.4577259475218659,0.0,0.0,0.12790697674418605,0.023255813953488372
642715,Willy Adames,San Francisco,342,0.231,0.275,0.11403508771929824,0.05847953216374269,0.0029239766081871343,0.04093567251461988,0.05847953216374269,0.2777777777777778,0.005847953216374269,0.43859649122807015,0.0029239766081871343,0.0,0.01694915254237288,0.03389830508474576
575929,Willson Contreras,Boston,342,0.283,0.377,0.14327485380116958,0.04093567251461988,0.005847953216374269,0.05263157894736842,0.13450292397660812,0.2573099415204678,0.02046783625730994,0.3362573099415205,0.008771929824561403,0.0,0.021052631578947368,0.010526315789473684
681198,TJ Rumfield,Colorado,341,0.29,0.37,0.16129032258064516,0.05278592375366569,0.005865102639296188,0.03519061583577713,0.11436950146627567,0.1436950146627566,0.005865102639296188,0.4750733137829912,0.005865102639296188,0.0,0.0,0.0
521692,Salvador Perez,Kansas City,340,0.201,0.241,0.12941176470588237,0.029411764705882353,0.0,0.029411764705882353,0.05294117647058827,0.20294117647058824,0.03529411764705882,0.5088235294117647,0.011764705882352941,0.0,0.0,0.0
696100,Hunter Goodman,Colorado,340,0.243,0.306,0.10294117647058823,0.03823529411764706,0.0,0.07941176470588235,0.08529411764705885,0.32941176470588235,0.008823529411764706,0.35,0.0058823529411764705,0.0,0.078125,0.046875
669394,Jake Burger,Texas,340,0.25,0.315,0.14411764705882352,0.041176470588235294,0.0,0.041176470588235294,0.08823529411764708,0.25882352941176473,0.014705882352941176,0.40588235294117647,0.0058823529411764705,0.0,0.02531645569620253,0.0
663586,Austin Riley,Atlanta,340,0.207,0.285,0.12352941176470589,0.03529411764705882,0.0029411764705882353,0.023529411764705882,0.10000000000000009,0.2911764705882353,0.01764705882352941,0.4,0.0058823529411764705,0.0,0.05263157894736842,0.013157894736842105
680776,Jarren Duran,Boston,339,0.196,0.251,0.11209439528023599,0.02654867256637168,0.0058997050147492625,0.035398230088495575,0.07079646017699115,0.3008849557522124,0.0058997050147492625,0.4336283185840708,0.008849557522123894,0.0,0.1935483870967742,0.0
695657,Colson Montgomery,Chicago,338,0.221,0.311,0.08875739644970414,0.04437869822485207,0.0,0.0621301775147929,0.11538461538461542,0.31952662721893493,0.011834319526627219,0.35798816568047337,0.0,0.0,0.014492753623188406,0.014492753623188406
605137,Josh Bell,Minnesota,336,0.244,0.301,0.13690476190476192,0.050595238095238096,0.002976190476190476,0.03273809523809524,0.07738095238095233,0.21428571428571427,0.01488095238095238,0.4642857142857143,0.005952380952380952,0.0,0.013888888888888888,0.0
679529,Spencer Torkelson,Detroit,335,0.215,0.317,0.08955223880597014,0.05373134328358209,0.0,0.041791044776119404,0.1343283582089554,0.32238805970149254,0.01791044776119403,0.33432835820895523,0.005970149253731343,0.0,0.0,0.013513513513513514
676391,Ernie Clement,Toronto,335,0.299,0.322,0.19701492537313434,0.06567164179104477,0.0029850746268656717,0.020895522388059702,0.03582089552238821,0.10149253731343283,0.014925373134328358,0.5552238805970149,0.005970149253731343,0.0,0.02564102564102564,0.01282051282051282
545361,Mike Trout,Los Angeles,335,0.234,0.394,0.09850746268656717,0.03582089552238806,0.0,0.050746268656716415,0.20895522388059695,0.24776119402985075,0.014925373134328358,0.34328358208955223,0.0,0.0,0.06796116504854369,0.0
668227,Randy Arozarena,Seattle,335,0.283,0.37,0.1582089552238806,0.05970149253731343,0.0029850746268656717,0.023880597014925373,0.12537313432835817,0.22388059701492538,0.023880597014925373,0.373134328358209,0.008955223880597015,0.0,0.2,0.042105263157894736
691016,Tyler Soderstrom,Athletics,335,0.242,0.343,0.1044776119402985,0.05970149253731343,0.005970149253731343,0.03880597014925373,0.13432835820895528,0.1761194029850746,0.020895522388059702,0.45671641791044776,0.0029850746268656717,0.0,0.0125,0.0125
693307,Dillon Dingler,Detroit,334,0.267,0.328,0.12275449101796407,0.05389221556886228,0.005988023952095809,0.05688622754491018,0.09281437125748504,0.20958083832335328,0.02694610778443114,0.4221556886227545,0.008982035928143712,0.0,0.0,0.0
686797,Brooks Lee,Minnesota,334,0.251,0.306,0.1467065868263473,0.03592814371257485,0.005988023952095809,0.041916167664670656,0.0748502994011977,0.15568862275449102,0.011976047904191617,0.5209580838323353,0.0029940119760479044,0.0029940119760479044,0.06756756756756757,0.04054054054054054
664761,Alec Bohm,Philadelphia,330,0.223,0.279,0.1393939393939394,0.03333333333333333,0.0,0.030303030303030304,0.0757575757575758,0.14545454545454545,0.03333333333333333,0.5303030303030303,0.012121212121212121,0.0,0.014084507042253521,0.0
621439,Byron Buxton,Minnesota,329,0.268,0.325,0.12158054711246201,0.04559270516717325,0.00303951367781155,0.07598784194528875,0.07902735562310037,0.24620060790273557,0.0060790273556231,0.4194528875379939,0.00303951367781155,0.0,0.10606060606060606,0.0
693304,Nick Gonzales,Pittsburgh,328,0.3,0.357,0.22865853658536586,0.03353658536585366,0.003048780487804878,0.009146341463414634,0.08231707317073167,0.18597560975609756,0.027439024390243903,0.4268292682926829,0.003048780487804878,0.0,0.0392156862745098,0.0196078431372549
701358,Cam Smith,Houston,328,0.223,0.297,0.12195121951219512,0.039634146341463415,0.003048780487804878,0.03353658536585366,0.10060975609756095,0.2530487804878049,0.021341463414634148,0.4176829268292683,0.009146341463414634,0.0,0.125,0.013888888888888888
669477,Casey Schmitt,San Francisco,326,0.278,0.304,0.1656441717791411,0.046012269938650305,0.003067484662576687,0.049079754601226995,0.03987730061349681,0.19325153374233128,0.015337423312883436,0.4754601226993865,0.012269938650306749,0.0,0.1044776119402985,0.014925373134328358
665862,Jazz Chisholm Jr.,New York,326,0.225,0.307,0.12269938650306748,0.03374233128834356,0.006134969325153374,0.03680981595092025,0.1073619631901841,0.2883435582822086,0.006134969325153374,0.39263803680981596,0.006134969325153374,0.0,0.3466666666666667,0.05333333333333334
621020,Dansby Swanson,Chicago,324,0.21,0.3,0.09567901234567901,0.030864197530864196,0.006172839506172839,0.04938271604938271,0.11728395061728403,0.2345679012345679,0.009259259259259259,0.44135802469135804,0.012345679012345678,0.0030864197530864196,0.14492753623188406,0.0
669016,Brandon Marsh,Philadelphia,324,0.319,0.352,0.2006172839506173,0.046296296296296294,0.006172839506172839,0.046296296296296294,0.052469135802469036,0.2623456790123457,0.006172839506172839,0.37037037037037035,0.009259259259259259,0.0,0.0975609756097561,0.036585365853658534
678882,Ceddanne Rafaela,Boston,324,0.282,0.331,0.1728395061728395,0.05864197530864197,0.009259259259259259,0.021604938271604937,0.06790123456790131,0.19753086419753085,0.024691358024691357,0.4444444444444444,0.0,0.0030864197530864196,0.1282051282051282,0.07692307692307693
643289,Mauricio Dubón,Atlanta,323,0.265,0.318,0.1609907120743034,0.05263157894736842,0.006191950464396285,0.02476780185758514,0.07430340557275539,0.1393188854489164,0.01238390092879257,0.5263157894736842,0.0,0.0030959752321981426,0.02666666666666667,0.02666666666666667
807712,Luke Keaschall,Minnesota,321,0.246,0.333,0.16510903426791276,0.037383177570093455,0.003115264797507788,0.009345794392523364,0.11838006230529596,0.1557632398753894,0.012461059190031152,0.48909657320872274,0.009345794392523364,0.0,0.13186813186813187,0.03296703296703297
593428,Xander Bogaerts,San Diego,321,0.232,0.324,0.16199376947040497,0.01557632398753894,0.0,0.024922118380062305,0.12149532710280375,0.17757009345794392,0.009345794392523364,0.48286604361370716,0.006230529595015576,0.0,0.10989010989010989,0.01098901098901099
802415,Chandler Simpson,Tampa Bay,320,0.271,0.311,0.2125,0.025,0.0125,0.0,0.05625000000000002,0.1,0.009375,0.5625,0.00625,0.015625,0.22093023255813954,0.12790697674418605
668715,Spencer Steer,Cincinnati,320,0.236,0.313,0.13125,0.0375,0.0,0.040625,0.10625000000000007,0.234375,0.025,0.41875,0.00625,0.0,0.04,0.0
680757,Steven Kwan,Cleveland,320,0.214,0.32,0.146875,0.028125,0.003125,0.003125,0.13749999999999996,0.103125,0.021875,0.540625,0.00625,0.009375,0.03333333333333333,0.011111111111111112
677587,Brayan Rocchio,Cleveland,319,0.27,0.341,0.1755485893416928,0.04075235109717868,0.006269592476489028,0.01567398119122257,0.10031347962382442,0.13479623824451412,0.012539184952978056,0.49843260188087773,0.009404388714733543,0.006269592476489028,0.1590909090909091,0.045454545454545456
543760,Marcus Semien,New York,318,0.214,0.271,0.13836477987421383,0.025157232704402517,0.0031446540880503146,0.02830188679245283,0.07547169811320753,0.2138364779874214,0.031446540880503145,0.4716981132075472,0.009433962264150943,0.0031446540880503146,0.08823529411764706,0.029411764705882353
608070,José Ramírez,Cleveland,314,0.239,0.339,0.11464968152866242,0.05732484076433121,0.0,0.03184713375796178,0.13694267515923564,0.14012738853503184,0.0031847133757961785,0.5063694267515924,0.009554140127388535,0.0,0.3076923076923077,0.02564102564102564
808982,Jung Hoo Lee,San Francisco,314,0.319,0.35,0.21337579617834396,0.06050955414012739,0.009554140127388535,0.01592356687898089,0.05095541401273895,0.09235668789808917,0.01592356687898089,0.5318471337579618,0.009554140127388535,0.0,0.07228915662650602,0.0
691026,Masyn Winn,St. Louis,314,0.242,0.315,0.1624203821656051,0.03503184713375796,0.006369426751592357,0.009554140127388535,0.10191082802547768,0.1910828025477707,0.022292993630573247,0.4554140127388535,0.01592356687898089,0.0,0.08433734939759036,0.024096385542168676
681082,Bryson Stott,Philadelphia,311,0.244,0.304,0.1414790996784566,0.04823151125401929,0.00964630225080386,0.022508038585209004,0.08038585209003213,0.17041800643086816,0.022508038585209004,0.49517684887459806,0.003215434083601286,0.006430868167202572,0.2318840579710145,0.0
571448,Nolan Arenado,Arizona,310,0.243,0.316,0.13870967741935483,0.04838709677419355,0.0,0.02903225806451613,0.10000000000000009,0.2064516129032258,0.01935483870967742,0.4483870967741935,0.00967741935483871,0.0,0.04054054054054054,0.0
695600,Carter Jensen,Kansas City,308,0.247,0.312,0.1266233766233766,0.05519480519480519,0.0,0.03896103896103896,0.09090909090909094,0.2694805194805195,0.00974025974025974,0.39285714285714285,0.016233766233766232,0.0,0.014925373134328358,0.0
673548,Seiya Suzuki,Chicago,305,0.274,0.357,0.15737704918032788,0.03934426229508197,0.0,0.04262295081967213,0.11803278688524588,0.25901639344262295,0.022950819672131147,0.35081967213114756,0.009836065573770493,0.0,0.0,0.0
695506,Jac Caglianone,Kansas City,305,0.264,0.334,0.14754098360655737,0.03934426229508197,0.006557377049180328,0.04590163934426229,0.0950819672131149,0.2983606557377049,0.013114754098360656,0.3540983606557377,0.0,0.0,0.04054054054054054,0.013513513513513514
678662,Ezequiel Tovar,Colorado,305,0.205,0.249,0.1180327868852459,0.05245901639344262,0.0,0.019672131147540985,0.059016393442622994,0.2754098360655738,0.01639344262295082,0.4459016393442623,0.013114754098360656,0.0,0.09259259259259259,0.0
571970,Max Muncy,Los Angeles,303,0.265,0.36,0.132013201320132,0.039603960396039604,0.0033003300330033004,0.056105610561056105,0.1287128712871286,0.23102310231023102,0.013201320132013201,0.39603960396039606,0.0,0.0,0.012658227848101266,0.0
671739,Michael Harris II,Atlanta,301,0.293,0.329,0.18604651162790697,0.04318936877076412,0.0,0.046511627906976744,0.0531561461794019,0.19933554817275748,0.006644518272425249,0.4584717607973422,0.006644518272425249,0.0,0.06944444444444445,0.013888888888888888
680574,Matt McLain,Cincinnati,300,0.196,0.299,0.1,0.043333333333333335,0.0,0.02666666666666667,0.1266666666666666,0.2633333333333333,0.01,0.42333333333333334,0.0,0.006666666666666667,0.16176470588235295,0.029411764705882353
689414,Liam Hicks,Miami,298,0.283,0.36,0.174496644295302,0.02348993288590604,0.003355704697986577,0.0436241610738255,0.11409395973154357,0.09395973154362416,0.010067114093959731,0.5167785234899329,0.016778523489932886,0.003355704697986577,0.011627906976744186,0.0
641343,Jake Bauers,Milwaukee,297,0.268,0.37,0.13468013468013468,0.04040404040404041,0.003367003367003367,0.050505050505050504,0.14141414141414133,0.2558922558922559,0.010101010101010102,0.3602693602693603,0.003367003367003367,0.0,0.06097560975609756,0.012195121951219513
656811,Ryan O\'Hearn,Pittsburgh,295,0.286,0.342,0.17966101694915254,0.03728813559322034,0.0,0.04406779661016949,0.08135593220338977,0.22372881355932203,0.03728813559322034,0.3898305084745763,0.006779661016949152,0.0,0.012987012987012988,0.0
687462,Spencer Horwitz,Pittsburgh,295,0.28,0.386,0.15932203389830507,0.03728813559322034,0.003389830508474576,0.03389830508474576,0.15254237288135597,0.13559322033898305,0.03389830508474576,0.43050847457627117,0.013559322033898305,0.0,0.010869565217391304,0.0
672580,Maikel Garcia,Kansas City,294,0.261,0.32,0.16326530612244897,0.05782312925170068,0.006802721088435374,0.01020408163265306,0.08163265306122447,0.15306122448979592,0.02040816326530612,0.5,0.006802721088435374,0.0,0.06944444444444445,0.041666666666666664
682829,Elly De La Cruz,Cincinnati,293,0.274,0.341,0.14675767918088736,0.04778156996587031,0.006825938566552901,0.04436860068259386,0.09556313993174059,0.2901023890784983,0.013651877133105802,0.34812286689419797,0.006825938566552901,0.0,0.14084507042253522,0.07042253521126761
641487,J.P. Crawford,Seattle,292,0.214,0.329,0.13013698630136986,0.017123287671232876,0.0,0.03424657534246575,0.14726027397260277,0.20205479452054795,0.0136986301369863,0.4520547945205479,0.003424657534246575,0.0,0.012345679012345678,0.037037037037037035
665019,Kody Clemens,Minnesota,292,0.241,0.303,0.1095890410958904,0.0547945205479452,0.00684931506849315,0.04794520547945205,0.0821917808219178,0.21575342465753425,0.017123287671232876,0.4589041095890411,0.0,0.00684931506849315,0.10714285714285714,0.03571428571428571
686469,Vinnie Pasquantino,Kansas City,291,0.224,0.309,0.13402061855670103,0.03436426116838488,0.006872852233676976,0.020618556701030927,0.11340206185567014,0.17525773195876287,0.010309278350515464,0.49140893470790376,0.013745704467353952,0.0,0.041666666666666664,0.0
677649,Ezequiel Duran,Texas,289,0.273,0.326,0.1695501730103806,0.05190311418685121,0.006920415224913495,0.020761245674740483,0.07612456747404839,0.23183391003460208,0.010380622837370242,0.42214532871972316,0.006920415224913495,0.0034602076124567475,0.08450704225352113,0.014084507042253521
650489,Willi Castro,Colorado,289,0.269,0.339,0.17647058823529413,0.04498269896193772,0.0,0.020761245674740483,0.09688581314878886,0.2629757785467128,0.010380622837370242,0.38408304498269896,0.0034602076124567475,0.0,0.0759493670886076,0.05063291139240506
665926,Andrés Giménez,Toronto,289,0.237,0.282,0.1453287197231834,0.04498269896193772,0.0034602076124567475,0.02422145328719723,0.06228373702422141,0.1972318339100346,0.020761245674740483,0.4844290657439446,0.010380622837370242,0.006920415224913495,0.16666666666666666,0.03333333333333333
665742,Juan Soto,New York,289,0.293,0.403,0.1522491349480969,0.02768166089965398,0.006920415224913495,0.058823529411764705,0.15916955017301038,0.1245674740484429,0.010380622837370242,0.45674740484429066,0.0034602076124567475,0.0,0.06741573033707865,0.033707865168539325
800050,Chase DeLauter,Cleveland,288,0.275,0.344,0.16666666666666666,0.052083333333333336,0.003472222222222222,0.024305555555555556,0.09722222222222232,0.13194444444444445,0.020833333333333332,0.4965277777777778,0.006944444444444444,0.0,0.039473684210526314,0.013157894736842105
687859,Troy Johnston,Colorado,287,0.313,0.378,0.1916376306620209,0.07665505226480836,0.0,0.010452961672473868,0.09756097560975607,0.17073170731707318,0.006968641114982578,0.4355400696864111,0.006968641114982578,0.003484320557491289,0.04819277108433735,0.04819277108433735
683146,Brett Baty,New York,286,0.211,0.295,0.13636363636363635,0.03496503496503497,0.0034965034965034965,0.01048951048951049,0.11188811188811187,0.2727272727272727,0.006993006993006993,0.4125874125874126,0.01048951048951049,0.0,0.04285714285714286,0.014285714285714285
694384,Nolan Schanuel,Los Angeles,286,0.262,0.332,0.16433566433566432,0.04895104895104895,0.0,0.02097902097902098,0.09790209790209792,0.14685314685314685,0.03146853146853147,0.4825174825174825,0.006993006993006993,0.0,0.0,0.013333333333333334
683083,Nasim Nuñez,Washington,284,0.233,0.32,0.17253521126760563,0.014084507042253521,0.01056338028169014,0.0035211267605633804,0.11267605633802824,0.23943661971830985,0.01056338028169014,0.4119718309859155,0.0035211267605633804,0.02112676056338028,0.3950617283950617,0.037037037037037035
665833,Oneil Cruz,Pittsburgh,283,0.264,0.35,0.14840989399293286,0.0353356890459364,0.0,0.04946996466431095,0.11660777385159016,0.3462897526501767,0.01060070671378092,0.29328621908127206,0.0,0.0,0.28,0.05333333333333334
686555,Isaac Collins,Kansas City,282,0.231,0.339,0.1347517730496454,0.04964539007092199,0.0,0.010638297872340425,0.14184397163120566,0.23049645390070922,0.014184397163120567,0.40425531914893614,0.0070921985815602835,0.0070921985815602835,0.05128205128205128,0.05128205128205128
671277,Luis García Jr.,Washington,281,0.28,0.31,0.14590747330960854,0.05338078291814947,0.010676156583629894,0.05693950177935943,0.042704626334519546,0.1494661921708185,0.017793594306049824,0.5195729537366548,0.0035587188612099642,0.0,0.03773584905660377,0.018867924528301886
656775,Cedric Mullins,Tampa Bay,281,0.212,0.291,0.13523131672597866,0.014234875444839857,0.0035587188612099642,0.03202846975088968,0.10676156583629903,0.199288256227758,0.0071174377224199285,0.4804270462633452,0.0071174377224199285,0.014234875444839857,0.19696969696969696,0.09090909090909091
543807,George Springer,Toronto,279,0.221,0.308,0.12186379928315412,0.03942652329749104,0.0035842293906810036,0.02867383512544803,0.12186379928315405,0.2007168458781362,0.021505376344086023,0.45878136200716846,0.0035842293906810036,0.0,0.09230769230769231,0.03076923076923077
686217,Sal Frelick,Milwaukee,278,0.252,0.321,0.1618705035971223,0.046762589928057555,0.0,0.01079136690647482,0.1151079136690647,0.08992805755395683,0.014388489208633094,0.5467625899280576,0.01079136690647482,0.0035971223021582736,0.08450704225352113,0.028169014084507043
514888,Jose Altuve,Houston,278,0.233,0.307,0.1366906474820144,0.04316546762589928,0.0,0.02877697841726619,0.09712230215827344,0.2158273381294964,0.04316546762589928,0.42805755395683454,0.0035971223021582736,0.0035971223021582736,0.015384615384615385,0.03076923076923077
702332,Caleb Durbin,Boston,278,0.229,0.286,0.11870503597122302,0.06115107913669065,0.0035971223021582736,0.025179856115107913,0.07553956834532383,0.1474820143884892,0.02158273381294964,0.5323741007194245,0.007194244604316547,0.007194244604316547,0.16666666666666666,0.05555555555555555
643446,Jeff McNeil,Athletics,277,0.229,0.297,0.1588447653429603,0.036101083032490974,0.0,0.010830324909747292,0.09025270758122739,0.1263537906137184,0.02527075812274368,0.5415162454873647,0.007220216606498195,0.0036101083032490976,0.014492753623188406,0.028985507246376812
696285,Jacob Young,Washington,277,0.225,0.275,0.13357400722021662,0.039711191335740074,0.007220216606498195,0.02888086642599278,0.06498194945848379,0.19494584837545126,0.018050541516245487,0.5090252707581228,0.0,0.0036101083032490976,0.14545454545454545,0.03636363636363636
657757,Gavin Sheets,San Diego,276,0.234,0.322,0.10507246376811594,0.050724637681159424,0.0,0.050724637681159424,0.11594202898550732,0.22826086956521738,0.025362318840579712,0.42391304347826086,0.0,0.0,0.06557377049180328,0.0
662139,Daulton Varsho,Toronto,275,0.258,0.327,0.14181818181818182,0.05818181818181818,0.007272727272727273,0.025454545454545455,0.09454545454545449,0.2109090909090909,0.0036363636363636364,0.45454545454545453,0.0036363636363636364,0.0,0.1076923076923077,0.0
691720,Kyle Karros,Colorado,274,0.258,0.354,0.1386861313868613,0.058394160583941604,0.0036496350364963502,0.021897810218978103,0.13138686131386867,0.21532846715328466,0.0072992700729927005,0.41605839416058393,0.0072992700729927005,0.0,0.02702702702702703,0.0
624585,Jorge Soler,Los Angeles,272,0.22,0.309,0.11029411764705882,0.03676470588235294,0.003676470588235294,0.04044117647058824,0.11764705882352944,0.3125,0.025735294117647058,0.3382352941176471,0.014705882352941176,0.0,0.0,0.0
700932,Kyle Manzardo,Cleveland,272,0.231,0.32,0.13602941176470587,0.025735294117647058,0.003676470588235294,0.03676470588235294,0.11764705882352955,0.3161764705882353,0.014705882352941176,0.34191176470588236,0.007352941176470588,0.0,0.0,0.0
686948,Drake Baldwin,Atlanta,270,0.255,0.337,0.15185185185185185,0.022222222222222223,0.0,0.05185185185185185,0.11111111111111127,0.24444444444444444,0.025925925925925925,0.3888888888888889,0.003703703703703704,0.0,0.014084507042253521,0.014084507042253521
665750,Leody Taveras,Baltimore,269,0.248,0.324,0.14869888475836432,0.03717472118959108,0.01858736059479554,0.011152416356877323,0.1003717472118959,0.241635687732342,0.01858736059479554,0.3940520446096654,0.0037174721189591076,0.026022304832713755,0.14925373134328357,0.04477611940298507
545121,Ildemaro Vargas,Arizona,269,0.256,0.3,0.16356877323420074,0.040892193308550186,0.007434944237918215,0.026022304832713755,0.06319702602230493,0.09293680297397769,0.011152416356877323,0.587360594795539,0.0037174721189591076,0.0037174721189591076,0.016666666666666666,0.0
592626,Joc Pederson,Texas,268,0.24,0.337,0.11940298507462686,0.026119402985074626,0.007462686567164179,0.05223880597014925,0.1343283582089554,0.22388059701492538,0.029850746268656716,0.39552238805970147,0.011194029850746268,0.0,0.0,0.0
676609,José Caballero,New York,268,0.246,0.303,0.15671641791044777,0.03731343283582089,0.0,0.029850746268656716,0.07835820895522394,0.22014925373134328,0.029850746268656716,0.43656716417910446,0.007462686567164179,0.0037313432835820895,0.30158730158730157,0.1111111111111111
803011,Sam Antonacci,Chicago,267,0.295,0.392,0.18352059925093633,0.04119850187265917,0.00749063670411985,0.018726591760299626,0.13857677902621723,0.14606741573033707,0.003745318352059925,0.449438202247191,0.003745318352059925,0.00749063670411985,0.12790697674418605,0.03488372093023256
694212,Samuel Basallo,Baltimore,267,0.256,0.318,0.149812734082397,0.033707865168539325,0.003745318352059925,0.0449438202247191,0.08614232209737827,0.2546816479400749,0.0149812734082397,0.4044943820224719,0.00749063670411985,0.0,0.0,0.0
669065,Kyle Stowers,Miami,267,0.231,0.32,0.10112359550561797,0.0599250936329588,0.011235955056179775,0.0299625468164794,0.11610486891385774,0.31835205992509363,0.026217228464419477,0.3295880149812734,0.003745318352059925,0.003745318352059925,0.017241379310344827,0.017241379310344827
702222,Justin Crawford,Philadelphia,265,0.256,0.307,0.17735849056603772,0.045283018867924525,0.007547169811320755,0.007547169811320755,0.06792452830188678,0.20754716981132076,0.0037735849056603774,0.47924528301886793,0.0,0.0037735849056603774,0.15384615384615385,0.046153846153846156
663757,Trent Grisham,New York,264,0.232,0.341,0.11742424242424243,0.041666666666666664,0.007575757575757576,0.030303030303030304,0.14393939393939392,0.1590909090909091,0.015151515151515152,0.4772727272727273,0.007575757575757576,0.0,0.08695652173913043,0.014492753623188406
669003,Garrett Mitchell,Milwaukee,263,0.264,0.359,0.13307984790874525,0.060836501901140684,0.011406844106463879,0.022813688212927757,0.12927756653992395,0.33840304182509506,0.0076045627376425855,0.2889733840304182,0.0038022813688212928,0.0038022813688212928,0.08695652173913043,0.07246376811594203
643217,Andrew Benintendi,Chicago,263,0.243,0.298,0.12927756653992395,0.045627376425855515,0.0076045627376425855,0.03802281368821293,0.07604562737642573,0.25475285171102663,0.015209125475285171,0.41825095057034223,0.011406844106463879,0.0038022813688212928,0.018518518518518517,0.0
678554,Curtis Mead,Washington,262,0.227,0.324,0.09923664122137404,0.04198473282442748,0.003816793893129771,0.05343511450381679,0.12595419847328237,0.18702290076335878,0.022900763358778626,0.46564885496183206,0.0,0.0,0.06779661016949153,0.03389830508474576
592450,Aaron Judge,New York,261,0.248,0.375,0.09961685823754789,0.038314176245210725,0.0,0.06513409961685823,0.17624521072796928,0.27586206896551724,0.03065134099616858,0.3103448275862069,0.0038314176245210726,0.0,0.07142857142857142,0.04285714285714286
663616,Trevor Larnach,Minnesota,261,0.291,0.381,0.1685823754789272,0.06130268199233716,0.0038314176245210726,0.019157088122605363,0.12643678160919536,0.17624521072796934,0.022988505747126436,0.41762452107279696,0.0,0.0038314176245210726,0.025974025974025976,0.025974025974025976
664983,Jake McCarthy,Colorado,259,0.294,0.332,0.16602316602316602,0.06177606177606178,0.019305019305019305,0.023166023166023165,0.05791505791505802,0.1776061776061776,0.011583011583011582,0.4594594594594595,0.011583011583011582,0.011583011583011582,0.22413793103448276,0.05172413793103448
666969,Adolis García,Philadelphia,259,0.195,0.27,0.11196911196911197,0.03088803088803089,0.003861003861003861,0.02702702702702703,0.09652509652509655,0.32432432432432434,0.007722007722007722,0.3861003861003861,0.011583011583011582,0.0,0.05555555555555555,0.0
668885,Austin Martin,Minnesota,257,0.241,0.346,0.1556420233463035,0.042801556420233464,0.0,0.007782101167315175,0.1400778210116731,0.17898832684824903,0.01556420233463035,0.45525291828793774,0.0038910505836575876,0.0,0.10526315789473684,0.06578947368421052
672724,Oswald Peraza,Los Angeles,255,0.255,0.299,0.1607843137254902,0.043137254901960784,0.00784313725490196,0.027450980392156862,0.05882352941176472,0.27450980392156865,0.0196078431372549,0.403921568627451,0.0,0.00392156862745098,0.16071428571428573,0.03571428571428571
690993,Colt Keith,Detroit,249,0.249,0.293,0.1686746987951807,0.03614457831325301,0.008032128514056224,0.020080321285140562,0.06024096385542177,0.18875502008032127,0.01606425702811245,0.4979919678714859,0.004016064257028112,0.0,0.07017543859649122,0.0
808959,Munetaka Murakami,Chicago,246,0.24,0.378,0.0975609756097561,0.016260162601626018,0.0,0.08130081300813008,0.18292682926829273,0.3252032520325203,0.008130081300813009,0.2845528455284553,0.0040650406504065045,0.0,0.014492753623188406,0.043478260869565216
668901,Mark Vientos,New York,245,0.209,0.249,0.11836734693877551,0.036734693877551024,0.0,0.04081632653061224,0.053061224489796,0.24081632653061225,0.04081632653061224,0.46122448979591835,0.00816326530612245,0.0,0.0,0.0
671976,Tristan Peters,Chicago,245,0.286,0.344,0.16326530612244897,0.06938775510204082,0.00816326530612245,0.0163265306122449,0.08163265306122458,0.17959183673469387,0.0,0.46122448979591835,0.004081632653061225,0.0163265306122449,0.08333333333333333,0.03333333333333333
605170,Victor Caratini,Minnesota,243,0.239,0.337,0.1440329218106996,0.024691358024691357,0.0,0.02880658436213992,0.13991769547325106,0.18518518518518517,0.01646090534979424,0.4279835390946502,0.03292181069958848,0.0,0.0,0.0
656555,Rhys Hoskins,Cleveland,243,0.182,0.317,0.06584362139917696,0.053497942386831275,0.0,0.02880658436213992,0.16872427983539084,0.31275720164609055,0.012345679012345678,0.34156378600823045,0.01646090534979424,0.0,0.0,0.0
682657,Angel Martínez,Cleveland,243,0.239,0.276,0.12757201646090535,0.04526748971193416,0.00411522633744856,0.04526748971193416,0.04938271604938271,0.21810699588477367,0.0205761316872428,0.4691358024691358,0.00411522633744856,0.01646090534979424,0.20930232558139536,0.046511627906976744
668709,JJ Bleday,Cincinnati,241,0.236,0.346,0.0954356846473029,0.04564315352697095,0.004149377593360996,0.05394190871369295,0.14937759336099588,0.1991701244813278,0.02074688796680498,0.42323651452282157,0.008298755186721992,0.0,0.05172413793103448,0.05172413793103448
671732,Lawrence Butler,Athletics,240,0.196,0.283,0.125,0.029166666666666667,0.0,0.020833333333333332,0.10833333333333339,0.2708333333333333,0.0125,0.43333333333333335,0.0,0.0,0.10714285714285714,0.05357142857142857
668939,Adley Rutschman,Baltimore,240,0.252,0.325,0.12083333333333333,0.0625,0.004166666666666667,0.03333333333333333,0.10416666666666663,0.15,0.020833333333333332,0.48333333333333334,0.020833333333333332,0.0,0.0,0.018518518518518517
682177,Daniel Schneemann,Cleveland,240,0.216,0.288,0.12916666666666668,0.041666666666666664,0.0,0.025,0.09166666666666656,0.2916666666666667,0.020833333333333332,0.4,0.0,0.0,0.09433962264150944,0.03773584905660377
694497,Evan Carter,Texas,239,0.178,0.289,0.09205020920502092,0.02510460251046025,0.008368200836820083,0.02510460251046025,0.13389121338912124,0.24267782426778242,0.0,0.45188284518828453,0.0041841004184100415,0.016736401673640166,0.18518518518518517,0.0
663728,Cal Raleigh,Seattle,239,0.164,0.268,0.08786610878661087,0.02092050209205021,0.0,0.03347280334728033,0.12552301255230125,0.3138075313807531,0.016736401673640166,0.39330543933054396,0.008368200836820083,0.0,0.0392156862745098,0.0196078431372549
663837,Matt Vierling,Detroit,236,0.201,0.255,0.11016949152542373,0.046610169491525424,0.00423728813559322,0.0211864406779661,0.07203389830508478,0.16101694915254236,0.01694915254237288,0.5466101694915254,0.01694915254237288,0.00423728813559322,0.06976744186046512,0.046511627906976744
660670,Ronald Acuña Jr.,Atlanta,236,0.251,0.373,0.13135593220338984,0.0423728813559322,0.00423728813559322,0.029661016949152543,0.1652542372881356,0.22033898305084745,0.0,0.3983050847457627,0.00847457627118644,0.0,0.21428571428571427,0.1
683953,Travis Bazzana,Cleveland,235,0.245,0.336,0.13191489361702127,0.04680851063829787,0.00425531914893617,0.029787234042553193,0.123404255319149,0.20425531914893616,0.0,0.451063829787234,0.00851063829787234,0.0,0.2,0.05
694192,Jackson Chourio,Milwaukee,234,0.296,0.355,0.1581196581196581,0.05982905982905983,0.0,0.05128205128205128,0.08547008547008561,0.23931623931623933,0.004273504273504274,0.3974358974358974,0.004273504273504274,0.0,0.10526315789473684,0.0
660821,Jesús Sánchez,Toronto,234,0.274,0.316,0.1623931623931624,0.05982905982905983,0.0,0.029914529914529916,0.0641025641025641,0.2222222222222222,0.017094017094017096,0.42735042735042733,0.017094017094017096,0.0,0.018867924528301886,0.018867924528301886
691723,Coby Mayo,Baltimore,234,0.188,0.256,0.08974358974358974,0.038461538461538464,0.0,0.042735042735042736,0.08547008547008561,0.3333333333333333,0.01282051282051282,0.39316239316239315,0.004273504273504274,0.0,0.024390243902439025,0.0
683357,Owen Caissie,Miami,234,0.24,0.299,0.11965811965811966,0.05128205128205128,0.0,0.042735042735042736,0.08547008547008539,0.3888888888888889,0.008547008547008548,0.2777777777777778,0.02564102564102564,0.0,0.08333333333333333,0.020833333333333332
681393,Connor Norby,Miami,233,0.205,0.313,0.1072961373390558,0.05150214592274678,0.0,0.017167381974248927,0.13733905579399142,0.30042918454935624,0.02145922746781116,0.3605150214592275,0.004291845493562232,0.0,0.10526315789473684,0.05263157894736842
663886,Tyler Stephenson,Cincinnati,233,0.23,0.318,0.13304721030042918,0.04291845493562232,0.0,0.02575107296137339,0.11587982832618038,0.2532188841201717,0.017167381974248927,0.4034334763948498,0.008583690987124463,0.0,0.0,0.017241379310344827
670764,Taylor Walls,Tampa Bay,233,0.231,0.33,0.14163090128755365,0.04291845493562232,0.008583690987124463,0.0,0.128755364806867,0.24034334763948498,0.008583690987124463,0.3948497854077253,0.008583690987124463,0.02575107296137339,0.19047619047619047,0.047619047619047616
502671,Paul Goldschmidt,New York,233,0.278,0.339,0.15021459227467812,0.03862660944206009,0.004291845493562232,0.060085836909871244,0.0858369098712447,0.20600858369098712,0.012875536480686695,0.43776824034334766,0.004291845493562232,0.0,0.01818181818181818,0.0
542303,Marcell Ozuna,Pittsburgh,233,0.2,0.279,0.12875536480686695,0.02145922746781116,0.0,0.030042918454935622,0.09871244635193133,0.30472103004291845,0.017167381974248927,0.39914163090128757,0.0,0.0,0.0,0.0
672515,Gabriel Moreno,Arizona,232,0.283,0.371,0.16379310344827586,0.05172413793103448,0.0,0.02586206896551724,0.1293103448275862,0.15948275862068967,0.021551724137931036,0.43103448275862066,0.017241379310344827,0.0,0.058823529411764705,0.014705882352941176
804606,Konnor Griffin,Pittsburgh,232,0.269,0.323,0.1724137931034483,0.04310344827586207,0.008620689655172414,0.021551724137931036,0.0775862068965516,0.2672413793103448,0.01293103448275862,0.3879310344827586,0.008620689655172414,0.0,0.27586206896551724,0.017241379310344827
573262,Mike Yastrzemski,Atlanta,231,0.221,0.312,0.1341991341991342,0.03896103896103896,0.004329004329004329,0.017316017316017316,0.11688311688311681,0.24242424242424243,0.004329004329004329,0.44155844155844154,0.0,0.0,0.017241379310344827,0.0
592663,J.T. Realmuto,Philadelphia,231,0.201,0.286,0.11688311688311688,0.03896103896103896,0.0,0.021645021645021644,0.10822510822510822,0.20346320346320346,0.012987012987012988,0.48917748917748916,0.008658008658008658,0.0,0.057692307692307696,0.0
669357,Nolan Gorman,St. Louis,229,0.194,0.279,0.1222707423580786,0.017467248908296942,0.0,0.03056768558951965,0.10917030567685593,0.3231441048034934,0.004366812227074236,0.3799126637554585,0.013100436681222707,0.0,0.0,0.018867924528301886
680869,Zack Gelof,Athletics,228,0.282,0.336,0.16228070175438597,0.043859649122807015,0.0043859649122807015,0.04824561403508772,0.07456140350877194,0.2412280701754386,0.021929824561403508,0.39473684210526316,0.0,0.008771929824561403,0.14814814814814814,0.018518518518518517
691785,Marcelo Mayer,Boston,228,0.22,0.282,0.14035087719298245,0.043859649122807015,0.0,0.013157894736842105,0.08771929824561397,0.19298245614035087,0.021929824561403508,0.4868421052631579,0.013157894736842105,0.0,0.058823529411764705,0.0
666152,David Hamilton,Milwaukee,227,0.232,0.31,0.15418502202643172,0.022026431718061675,0.00881057268722467,0.013215859030837005,0.10132158590308371,0.22466960352422907,0.004405286343612335,0.42731277533039647,0.0,0.04405286343612335,0.2982456140350877,0.08771929824561403
657041,Lane Thomas,Kansas City,227,0.212,0.322,0.12334801762114538,0.03524229074889868,0.0,0.022026431718061675,0.1409691629955947,0.22466960352422907,0.013215859030837005,0.43171806167400884,0.00881057268722467,0.0,0.06666666666666667,0.05
670042,Luke Raley,Seattle,227,0.238,0.302,0.11894273127753303,0.030837004405286344,0.004405286343612335,0.06167400881057269,0.08370044052863446,0.32158590308370044,0.0,0.3700440528634361,0.0,0.00881057268722467,0.021739130434782608,0.021739130434782608
553993,Eugenio Suárez,Cincinnati,225,0.206,0.276,0.10666666666666667,0.044444444444444446,0.0,0.035555555555555556,0.0888888888888889,0.3333333333333333,0.008888888888888889,0.37777777777777777,0.0044444444444444444,0.0,0.0,0.022727272727272728
592885,Christian Yelich,Milwaukee,224,0.256,0.335,0.15625,0.044642857142857144,0.004464285714285714,0.022321428571428572,0.1071428571428571,0.29464285714285715,0.004464285714285714,0.36160714285714285,0.004464285714285714,0.0,0.0847457627118644,0.0
666397,Edouard Julien,Colorado,224,0.229,0.339,0.15178571428571427,0.03125,0.004464285714285714,0.008928571428571428,0.1428571428571428,0.26339285714285715,0.026785714285714284,0.3705357142857143,0.0,0.0,0.06060606060606061,0.045454545454545456
605141,Mookie Betts,Los Angeles,223,0.244,0.3,0.13901345291479822,0.03587443946188341,0.0,0.04932735426008968,0.07623318385650224,0.12556053811659193,0.04035874439461883,0.5291479820627802,0.004484304932735426,0.0,0.020833333333333332,0.041666666666666664
608348,Carson Kelly,Chicago,223,0.281,0.368,0.18385650224215247,0.04484304932735426,0.0,0.017937219730941704,0.12107623318385652,0.15695067264573992,0.017937219730941704,0.45739910313901344,0.0,0.0,0.0,0.014705882352941176
609280,Miguel Andujar,San Diego,222,0.262,0.302,0.15315315315315314,0.06306306306306306,0.009009009009009009,0.02252252252252252,0.05405405405405417,0.15315315315315314,0.04054054054054054,0.5045045045045045,0.0,0.0,0.043478260869565216,0.043478260869565216
608369,Corey Seager,Texas,219,0.182,0.292,0.0821917808219178,0.0273972602739726,0.0,0.045662100456621,0.136986301369863,0.2694063926940639,0.0273972602739726,0.4018264840182648,0.0091324200913242,0.0,0.020833333333333332,0.0
671289,Tyler Freeman,Colorado,219,0.274,0.355,0.1917808219178082,0.0273972602739726,0.0045662100456621,0.0136986301369863,0.1095890410958904,0.1324200913242009,0.0502283105022831,0.4474885844748858,0.0,0.0228310502283105,0.07575757575757576,0.045454545454545456
686527,Dominic Canzone,Seattle,219,0.273,0.347,0.1187214611872146,0.0593607305936073,0.0045662100456621,0.0593607305936073,0.10502283105022836,0.2100456621004566,0.0091324200913242,0.4246575342465753,0.0091324200913242,0.0,0.02040816326530612,0.02040816326530612
668904,Royce Lewis,Minnesota,218,0.211,0.289,0.11467889908256881,0.03669724770642202,0.0,0.03669724770642202,0.10091743119266061,0.27522935779816515,0.009174311926605505,0.41743119266055045,0.009174311926605505,0.0,0.1276595744680851,0.0
677942,Blaze Alexander,Baltimore,215,0.306,0.36,0.19534883720930232,0.05581395348837209,0.009302325581395349,0.013953488372093023,0.08837209302325577,0.22790697674418606,0.023255813953488372,0.37209302325581395,0.004651162790697674,0.009302325581395349,0.13559322033898305,0.05084745762711865
701675,Nathan Church,St. Louis,215,0.255,0.298,0.16279069767441862,0.04186046511627907,0.004651162790697674,0.027906976744186046,0.06046511627906981,0.21395348837209302,0.013953488372093023,0.46511627906976744,0.009302325581395349,0.0,0.10416666666666667,0.041666666666666664
606192,Teoscar Hernández,Los Angeles,214,0.275,0.346,0.17289719626168223,0.037383177570093455,0.0,0.03271028037383177,0.10280373831775713,0.2757009345794392,0.028037383177570093,0.3364485981308411,0.014018691588785047,0.0,0.03389830508474576,0.0
686681,Michael Massey,Kansas City,214,0.261,0.292,0.14485981308411214,0.06542056074766354,0.0,0.03271028037383177,0.04672897196261694,0.16355140186915887,0.018691588785046728,0.5046728971962616,0.014018691588785047,0.009345794392523364,0.04878048780487805,0.0
681297,Colton Cowser,Baltimore,214,0.227,0.319,0.14485981308411214,0.014018691588785047,0.0,0.037383177570093455,0.12149532710280386,0.29439252336448596,0.004672897196261682,0.3691588785046729,0.009345794392523364,0.004672897196261682,0.07017543859649122,0.03508771929824561
805779,Jacob Wilson,Athletics,214,0.277,0.31,0.19626168224299065,0.04672897196261682,0.0,0.018691588785046728,0.04672897196261694,0.11682242990654206,0.018691588785046728,0.5467289719626168,0.004672897196261682,0.004672897196261682,0.038461538461538464,0.0
656716,Zach McKinstry,Detroit,213,0.193,0.275,0.12206572769953052,0.023474178403755867,0.009389671361502348,0.014084507042253521,0.10328638497652576,0.16901408450704225,0.014084507042253521,0.5258215962441315,0.009389671361502348,0.009389671361502348,0.020833333333333332,0.0625
663968,Jake Mangum,Pittsburgh,211,0.302,0.351,0.23222748815165878,0.037914691943127965,0.0,0.004739336492890996,0.07109004739336477,0.18009478672985782,0.018957345971563982,0.43601895734597157,0.004739336492890996,0.014218009478672985,0.21875,0.078125
694728,Brice Matthews,Houston,211,0.191,0.244,0.11848341232227488,0.023696682464454975,0.004739336492890996,0.02843601895734597,0.06635071090047395,0.3222748815165877,0.014218009478672985,0.4075829383886256,0.004739336492890996,0.009478672985781991,0.05128205128205128,0.10256410256410256
691594,Javier Sanoja,Miami,210,0.277,0.321,0.16666666666666666,0.06666666666666667,0.009523809523809525,0.014285714285714285,0.06190476190476191,0.1,0.009523809523809525,0.5619047619047619,0.004761904761904762,0.004761904761904762,0.10416666666666667,0.041666666666666664
650859,Luis Rengifo,Milwaukee,209,0.205,0.28,0.13875598086124402,0.0430622009569378,0.0,0.0,0.09569377990430605,0.11483253588516747,0.009569377990430622,0.5789473684210527,0.009569377990430622,0.009569377990430622,0.061224489795918366,0.04081632653061224
666126,Carlos Cortes,Athletics,209,0.272,0.354,0.16267942583732056,0.0430622009569378,0.004784688995215311,0.028708133971291867,0.11483253588516751,0.11961722488038277,0.03827751196172249,0.48325358851674644,0.004784688995215311,0.0,0.017241379310344827,0.0
663993,Nathaniel Lowe,Cincinnati,207,0.253,0.343,0.11594202898550725,0.06280193236714976,0.0,0.043478260869565216,0.12077294685990336,0.2560386473429952,0.004830917874396135,0.3961352657004831,0.0,0.0,0.0,0.0
657656,Ramón Laureano,San Diego,206,0.203,0.286,0.10679611650485436,0.02912621359223301,0.009708737864077669,0.03398058252427184,0.10679611650485432,0.3155339805825243,0.0048543689320388345,0.38349514563106796,0.009708737864077669,0.0,0.1590909090909091,0.045454545454545456
669236,Jeremiah Jackson,Baltimore,206,0.251,0.267,0.16990291262135923,0.038834951456310676,0.0,0.03398058252427184,0.024271844660194164,0.1941747572815534,0.04854368932038835,0.48058252427184467,0.009708737864077669,0.0,0.05,0.025
690976,Alex Freeland,Los Angeles,205,0.226,0.312,0.14634146341463414,0.03414634146341464,0.0,0.014634146341463415,0.1121951219512195,0.28780487804878047,0.024390243902439025,0.35609756097560974,0.00975609756097561,0.014634146341463415,0.018867924528301886,0.0
681481,Kerry Carpenter,Detroit,205,0.238,0.309,0.11219512195121951,0.024390243902439025,0.00975609756097561,0.06341463414634146,0.10243902439024388,0.2975609756097561,0.00975609756097561,0.36585365853658536,0.014634146341463415,0.0,0.0,0.0
681351,Logan O\'Hoppe,Los Angeles,205,0.231,0.294,0.15121951219512195,0.03902439024390244,0.0,0.01951219512195122,0.08292682926829276,0.24878048780487805,0.014634146341463415,0.43414634146341463,0.004878048780487805,0.004878048780487805,0.0,0.0
682626,Francisco Alvarez,New York,204,0.245,0.307,0.14215686274509803,0.03431372549019608,0.0,0.04411764705882353,0.0931372549019609,0.2696078431372549,0.05392156862745098,0.35784313725490197,0.004901960784313725,0.0,0.0,0.0
663743,Nick Fortes,Tampa Bay,204,0.254,0.297,0.18137254901960784,0.049019607843137254,0.0,0.004901960784313725,0.05882352941176472,0.12254901960784313,0.029411764705882353,0.5392156862745098,0.004901960784313725,0.00980392156862745,0.0,0.0
687401,Joey Ortiz,Milwaukee,203,0.203,0.28,0.14285714285714285,0.024630541871921183,0.0,0.009852216748768473,0.09852216748768483,0.18719211822660098,0.019704433497536946,0.4876847290640394,0.014778325123152709,0.014778325123152709,0.10204081632653061,0.061224489795918366
667670,Brent Rooker,Athletics,203,0.2,0.281,0.10837438423645321,0.019704433497536946,0.0,0.04926108374384237,0.10344827586206895,0.32019704433497537,0.014778325123152709,0.37438423645320196,0.009852216748768473,0.0,0.046511627906976744,0.0
642086,Dominic Smith,Atlanta,203,0.279,0.322,0.1921182266009852,0.024630541871921183,0.0049261083743842365,0.029556650246305417,0.06896551724137945,0.1330049261083744,0.019704433497536946,0.4975369458128079,0.024630541871921183,0.0049261083743842365,0.0,0.0
641857,Ryan McMahon,New York,202,0.21,0.269,0.13366336633663367,0.019801980198019802,0.0,0.039603960396039604,0.07425742574257421,0.3069306930693069,0.024752475247524754,0.39603960396039606,0.0,0.0049504950495049506,0.07142857142857142,0.023809523809523808
665161,Jeremy Peña,Houston,202,0.295,0.356,0.19306930693069307,0.04455445544554455,0.0,0.0297029702970297,0.08910891089108908,0.17326732673267325,0.0049504950495049506,0.4603960396039604,0.0049504950495049506,0.0,0.14035087719298245,0.017543859649122806
669257,Will Smith,Los Angeles,201,0.249,0.338,0.15920398009950248,0.024875621890547265,0.0,0.029850746268656716,0.12437810945273631,0.1691542288557214,0.024875621890547265,0.4527363184079602,0.014925373134328358,0.0,0.0,0.0
680700,Richie Palacios,Tampa Bay,200,0.225,0.325,0.15,0.03,0.01,0.005,0.13,0.19,0.02,0.46,0.005,0.0,0.125,0.08928571428571429
810938,Ben Williamson,Tampa Bay,198,0.237,0.315,0.15656565656565657,0.04040404040404041,0.005050505050505051,0.010101010101010102,0.10101010101010088,0.1919191919191919,0.030303030303030304,0.4595959595959596,0.0,0.005050505050505051,0.09803921568627451,0.0196078431372549
664034,Ty France,San Diego,195,0.273,0.335,0.14358974358974358,0.041025641025641026,0.010256410256410256,0.05128205128205128,0.09230769230769242,0.24615384615384617,0.02564102564102564,0.38461538461538464,0.005128205128205128,0.0,0.022222222222222223,0.022222222222222223
669224,Austin Wells,New York,194,0.153,0.253,0.10309278350515463,0.010309278350515464,0.0,0.020618556701030927,0.11855670103092786,0.27835051546391754,0.02577319587628866,0.4381443298969072,0.005154639175257732,0.0,0.023255813953488372,0.0
666160,Mickey Moniak,Colorado,192,0.271,0.323,0.109375,0.052083333333333336,0.015625,0.07291666666666667,0.07291666666666663,0.24479166666666666,0.015625,0.4114583333333333,0.005208333333333333,0.0,0.02857142857142857,0.0
687551,Drew Gilbert,San Francisco,192,0.228,0.316,0.13020833333333334,0.041666666666666664,0.010416666666666666,0.015625,0.11458333333333337,0.17708333333333334,0.020833333333333332,0.4739583333333333,0.005208333333333333,0.010416666666666666,0.0,0.06382978723404255
681715,Heriberto Hernández,Miami,192,0.221,0.297,0.125,0.026041666666666668,0.005208333333333333,0.041666666666666664,0.09895833333333337,0.234375,0.005208333333333333,0.4583333333333333,0.005208333333333333,0.0,0.11627906976744186,0.046511627906976744
671218,Heliot Ramos,San Francisco,191,0.268,0.309,0.14659685863874344,0.06282722513089005,0.010471204188481676,0.031413612565445025,0.05759162303664933,0.2513089005235602,0.010471204188481676,0.42408376963350786,0.005235602094240838,0.0,0.0,0.0
650402,Gleyber Torres,Detroit,190,0.28,0.395,0.17894736842105263,0.031578947368421054,0.0,0.021052631578947368,0.16315789473684206,0.1736842105263158,0.010526315789473684,0.4105263157894737,0.010526315789473684,0.0,0.0,0.0
660688,Keibert Ruiz,Washington,190,0.285,0.316,0.15263157894736842,0.08421052631578947,0.0,0.031578947368421054,0.047368421052631504,0.13157894736842105,0.02631578947368421,0.5157894736842106,0.010526315789473684,0.0,0.05263157894736842,0.02631578947368421
670770,TJ Friedl,Cincinnati,186,0.172,0.253,0.10752688172043011,0.03225806451612903,0.0,0.010752688172043012,0.09677419354838712,0.23655913978494625,0.005376344086021506,0.4838709677419355,0.005376344086021506,0.021505376344086023,0.13157894736842105,0.0
687363,Victor Scott II,St. Louis,184,0.194,0.276,0.13043478260869565,0.021739130434782608,0.0,0.010869565217391304,0.09782608695652162,0.2391304347826087,0.016304347826086956,0.42391304347826086,0.005434782608695652,0.05434782608695652,0.21428571428571427,0.09523809523809523
678391,Jorbit Vivas,Washington,184,0.25,0.326,0.16304347826086957,0.03804347826086957,0.0,0.016304347826086956,0.10869565217391286,0.13043478260869565,0.016304347826086956,0.5054347826086957,0.010869565217391304,0.010869565217391304,0.0,0.02040816326530612
687093,Vaughn Grissom,Los Angeles,184,0.231,0.311,0.125,0.05434782608695652,0.0,0.021739130434782608,0.11413043478260865,0.125,0.03804347826086957,0.5054347826086957,0.016304347826086956,0.0,0.0,0.0
664770,Nathan Lukes,Toronto,183,0.299,0.348,0.20765027322404372,0.04371584699453552,0.0,0.02185792349726776,0.07103825136612019,0.15846994535519127,0.03278688524590164,0.44808743169398907,0.00546448087431694,0.01092896174863388,0.0,0.0196078431372549
664728,Kyle Isbel,Kansas City,183,0.244,0.298,0.15846994535519127,0.03825136612021858,0.00546448087431694,0.01639344262295082,0.07103825136612019,0.22404371584699453,0.02185792349726776,0.43169398907103823,0.00546448087431694,0.0273224043715847,0.11904761904761904,0.0
807799,Masataka Yoshida,Boston,181,0.25,0.331,0.16022099447513813,0.04419889502762431,0.0055248618784530384,0.011049723756906077,0.11049723756906082,0.11602209944751381,0.0055248618784530384,0.5414364640883977,0.0055248618784530384,0.0,0.04081632653061224,0.0
805999,A.J. Ewing,New York,181,0.268,0.352,0.16574585635359115,0.03867403314917127,0.0055248618784530384,0.022099447513812154,0.11602209944751385,0.24861878453038674,0.0055248618784530384,0.3812154696132597,0.0055248618784530384,0.011049723756906077,0.1568627450980392,0.11764705882352941
669707,Jared Triolo,Pittsburgh,179,0.238,0.311,0.16201117318435754,0.0446927374301676,0.0,0.00558659217877095,0.1005586592178771,0.25139664804469275,0.0223463687150838,0.40782122905027934,0.0,0.00558659217877095,0.10869565217391304,0.021739130434782608
543877,Christian Vázquez,Houston,178,0.216,0.274,0.1404494382022472,0.033707865168539325,0.0,0.02247191011235955,0.0730337078651685,0.16292134831460675,0.011235955056179775,0.5393258426966292,0.0,0.016853932584269662,0.0,0.0
699912,Jose Fernandez,Arizona,177,0.255,0.289,0.1807909604519774,0.03954802259887006,0.0,0.01694915254237288,0.04519774011299438,0.22598870056497175,0.011299435028248588,0.4576271186440678,0.0,0.022598870056497175,0.175,0.05
691781,Brady House,Washington,177,0.227,0.282,0.12994350282485875,0.03954802259887006,0.0,0.03954802259887006,0.07344632768361581,0.2824858757062147,0.022598870056497175,0.4067796610169492,0.005649717514124294,0.0,0.027777777777777776,0.0
687221,Dalton Rushing,Los Angeles,176,0.244,0.33,0.125,0.03977272727272727,0.0,0.05113636363636364,0.11363636363636376,0.26704545454545453,0.011363636363636364,0.39204545454545453,0.0,0.0,0.0,0.0
805811,Bryce Eldridge,San Francisco,176,0.275,0.364,0.14204545454545456,0.0625,0.0,0.03409090909090909,0.125,0.23295454545454544,0.0,0.3977272727272727,0.005681818181818182,0.0,0.0,0.0
596115,Trevor Story,Boston,176,0.206,0.244,0.13636363636363635,0.03977272727272727,0.0,0.017045454545454544,0.051136363636363646,0.32386363636363635,0.03409090909090909,0.38636363636363635,0.011363636363636364,0.0,0.12121212121212122,0.0
672761,Wenceel Pérez,Detroit,175,0.18,0.246,0.09714285714285714,0.022857142857142857,0.005714285714285714,0.04,0.08000000000000007,0.1657142857142857,0.005714285714285714,0.5828571428571429,0.0,0.0,0.0967741935483871,0.03225806451612903
694208,Moisés Ballesteros,Chicago,175,0.231,0.303,0.13714285714285715,0.03428571428571429,0.0,0.03428571428571429,0.09714285714285709,0.2057142857142857,0.005714285714285714,0.4742857142857143,0.011428571428571429,0.0,0.024390243902439025,0.0
694671,Wyatt Langford,Texas,173,0.278,0.324,0.15606936416184972,0.046242774566473986,0.011560693641618497,0.046242774566473986,0.06358381502890176,0.2138728323699422,0.017341040462427744,0.44508670520231214,0.0,0.0,0.15789473684210525,0.0
678218,Brandon Valenzuela,Toronto,172,0.24,0.327,0.13372093023255813,0.03488372093023256,0.0,0.040697674418604654,0.11627906976744184,0.25,0.005813953488372093,0.4069767441860465,0.005813953488372093,0.005813953488372093,0.023255813953488372,0.0
700337,Edgar Quero,Chicago,172,0.187,0.253,0.14534883720930233,0.005813953488372093,0.0,0.011627906976744186,0.08720930232558133,0.23837209302325582,0.029069767441860465,0.4418604651162791,0.029069767441860465,0.011627906976744186,0.025,0.0
672275,Patrick Bailey,"Cleveland,San Francisco",172,0.171,0.228,0.12209302325581395,0.01744186046511628,0.005813953488372093,0.011627906976744186,0.06976744186046502,0.2558139534883721,0.029069767441860465,0.47674418604651164,0.005813953488372093,0.005813953488372093,0.06060606060606061,0.0
679845,Nick Loftin,Kansas City,170,0.229,0.325,0.1,0.07058823529411765,0.0058823529411764705,0.01764705882352941,0.12941176470588234,0.12941176470588237,0.01764705882352941,0.5058823529411764,0.01764705882352941,0.0058823529411764705,0.02564102564102564,0.0
703607,Henry Bolte,Athletics,170,0.293,0.373,0.20588235294117646,0.03529411764705882,0.0,0.011764705882352941,0.12352941176470589,0.2823529411764706,0.01764705882352941,0.31176470588235294,0.011764705882352941,0.0,0.2,0.05454545454545454
656484,Tristan Gray,Minnesota,169,0.232,0.274,0.15976331360946747,0.029585798816568046,0.0,0.023668639053254437,0.059171597633136064,0.3076923076923077,0.005917159763313609,0.3905325443786982,0.01775147928994083,0.005917159763313609,0.05405405405405406,0.0
696030,Alejandro Osuna,Texas,168,0.247,0.341,0.19047619047619047,0.023809523809523808,0.0,0.0,0.125,0.14285714285714285,0.017857142857142856,0.49404761904761907,0.0,0.005952380952380952,0.07547169811320754,0.03773584905660377
680779,Henry Davis,Pittsburgh,167,0.15,0.241,0.059880239520958084,0.029940119760479042,0.0,0.041916167664670656,0.10778443113772451,0.2155688622754491,0.017964071856287425,0.5149700598802395,0.005988023952095809,0.005988023952095809,0.07142857142857142,0.03571428571428571
691777,Max Muncy,Athletics,167,0.235,0.299,0.12574850299401197,0.041916167664670656,0.011976047904191617,0.029940119760479042,0.08982035928143706,0.32934131736526945,0.023952095808383235,0.32934131736526945,0.017964071856287425,0.0,0.08333333333333333,0.05555555555555555
677588,José Tena,Washington,164,0.225,0.287,0.12195121951219512,0.054878048780487805,0.012195121951219513,0.018292682926829267,0.07926829268292679,0.32926829268292684,0.03048780487804878,0.35365853658536583,0.0,0.0,0.06060606060606061,0.0
596142,Gary Sánchez,Milwaukee,162,0.215,0.364,0.09259259259259259,0.024691358024691357,0.006172839506172839,0.04938271604938271,0.191358024691358,0.18518518518518517,0.037037037037037035,0.4074074074074074,0.006172839506172839,0.0,0.0,0.0
680728,Adrian Del Castillo,Arizona,161,0.182,0.242,0.11801242236024845,0.024844720496894408,0.0,0.024844720496894408,0.07453416149068326,0.2919254658385093,0.031055900621118012,0.42857142857142855,0.006211180124223602,0.0,0.0,0.0
666023,Freddy Fermin,San Diego,160,0.147,0.248,0.06875,0.0375,0.0,0.01875,0.11875000000000002,0.2,0.0125,0.5125,0.0125,0.01875,0.0,0.03333333333333333
641933,Tyler O\'Neill,Baltimore,159,0.187,0.289,0.1069182389937107,0.03773584905660377,0.0,0.018867924528301886,0.12578616352201255,0.27672955974842767,0.012578616352201259,0.42138364779874216,0.0,0.0,0.02702702702702703,0.0
543309,Kyle Higashioka,Texas,159,0.22,0.308,0.14465408805031446,0.018867924528301886,0.0,0.031446540880503145,0.1132075471698113,0.2578616352201258,0.031446540880503145,0.4025157232704403,0.0,0.0,0.0,0.0
665966,Carlos Narváez,Boston,158,0.193,0.263,0.12025316455696203,0.0379746835443038,0.0,0.012658227848101266,0.08860759493670889,0.3227848101265823,0.0379746835443038,0.35443037974683544,0.012658227848101266,0.012658227848101266,0.030303030303030304,0.0
620443,Luis Torrens,New York,157,0.217,0.277,0.12738853503184713,0.05732484076433121,0.0,0.012738853503184714,0.07643312101910826,0.21656050955414013,0.006369426751592357,0.49044585987261147,0.0,0.012738853503184714,0.0,0.0
686611,Dylan Crews,Washington,155,0.234,0.284,0.15483870967741936,0.03225806451612903,0.0,0.03225806451612903,0.06451612903225812,0.2064516129032258,0.012903225806451613,0.4967741935483871,0.0,0.0,0.14705882352941177,0.0
694362,Blake Dunn,Cincinnati,155,0.282,0.335,0.1935483870967742,0.04516129032258064,0.0064516129032258064,0.012903225806451613,0.07741935483870976,0.2129032258064516,0.012903225806451613,0.432258064516129,0.0064516129032258064,0.0,0.11904761904761904,0.07142857142857142
676356,Jonny DeLuca,Tampa Bay,154,0.264,0.303,0.13636363636363635,0.08441558441558442,0.0,0.025974025974025976,0.051948051948051854,0.19480519480519481,0.03896103896103896,0.45454545454545453,0.0,0.012987012987012988,0.2413793103448276,0.06896551724137931
666139,Josh Lowe,Los Angeles,153,0.217,0.257,0.13725490196078433,0.026143790849673203,0.0,0.0392156862745098,0.05228758169934644,0.28104575163398693,0.0,0.45098039215686275,0.006535947712418301,0.006535947712418301,0.06896551724137931,0.0
666971,Lourdes Gurriel Jr.,Arizona,153,0.22,0.268,0.13725490196078433,0.05228758169934641,0.0,0.013071895424836602,0.065359477124183,0.1830065359477124,0.0,0.5359477124183006,0.013071895424836602,0.0,0.03225806451612903,0.0
642708,Amed Rosario,New York,153,0.25,0.294,0.13725490196078433,0.026143790849673203,0.006535947712418301,0.058823529411764705,0.065359477124183,0.20915032679738563,0.006535947712418301,0.47058823529411764,0.0196078431372549,0.0,0.03225806451612903,0.0
664702,Myles Straw,Toronto,152,0.239,0.3,0.1513157894736842,0.039473684210526314,0.0,0.019736842105263157,0.08552631578947367,0.14473684210526316,0.013157894736842105,0.5131578947368421,0.019736842105263157,0.013157894736842105,0.05555555555555555,0.027777777777777776
682818,Yohendrick Pinango,Toronto,151,0.268,0.311,0.17218543046357615,0.046357615894039736,0.0,0.033112582781456956,0.0596026490066226,0.2251655629139073,0.039735099337748346,0.423841059602649,0.0,0.0,0.0,0.0
673237,Yainer Diaz,Houston,150,0.239,0.267,0.16,0.04666666666666667,0.0,0.02,0.040000000000000036,0.17333333333333334,0.03333333333333333,0.5133333333333333,0.013333333333333334,0.0,0.0,0.03333333333333333
682668,Luisangel Acuña,Chicago,150,0.217,0.257,0.18,0.013333333333333334,0.0,0.006666666666666667,0.053333333333333455,0.18,0.02666666666666667,0.5133333333333333,0.013333333333333334,0.013333333333333334,0.4,0.08571428571428572
