batter,name,pa,k_pct,bb_pct,chase_pct,whiff_pct,barrel_pct,kmeans_label,gmm_label,dbscan_label,archetype
695578,James Wood,402,30.59701492537313,13.930348258706468,23.484848484848484,30.48211508553655,23.0,1,1,-1,power
621493,Taylor Ward,392,20.918367346938776,16.581632653061224,14.09313725490196,16.817359855334537,5.4,0,0,0,contact
683002,Gunnar Henderson,390,23.33333333333333,7.6923076923076925,32.49686323713927,21.62883845126836,8.0,0,1,0,contact
701762,Nick Kurtz,383,30.026109660574413,16.971279373368148,22.23489167616876,32.50728862973761,18.4,1,1,-1,power
608324,Alex Bregman,381,16.010498687664043,10.761154855643044,21.90860215053764,16.31663974151858,4.5,0,0,0,contact
663538,Nico Hoerner,376,7.180851063829787,9.04255319148936,30.16759776536313,10.299003322259136,1.0,0,0,0,contact
683737,Michael Busch,376,22.606382978723403,15.425531914893616,23.55828220858896,24.227642276422763,10.8,1,1,0,power
687263,Zach Neto,375,32.266666666666666,10.4,35.32277710109622,30.87248322147651,13.5,1,1,0,power
677594,Julio Rodríguez,373,20.91152815013405,7.238605898123325,38.9873417721519,25.925925925925927,9.2,1,1,0,power
624413,Pete Alonso,373,24.396782841823057,10.99195710455764,25.9927797833935,25.970149253731343,12.8,1,1,0,power
666182,Bo Bichette,371,18.598382749326145,5.929919137466308,40.13793103448276,16.852367688022284,7.2,0,0,0,contact
670541,Yordan Álvarez,370,17.2972972972973,12.16216216216216,27.064803049555277,16.63974151857835,18.5,1,1,0,power
691718,Pete Crow-Armstrong,369,26.016260162601625,9.75609756097561,36.91529709228824,26.301369863013697,11.0,1,1,0,power
668804,Bryan Reynolds,368,21.467391304347824,14.673913043478262,23.08690012970169,26.046511627906977,10.1,1,1,0,power
607208,Trea Turner,366,22.6775956284153,6.0109289617486334,35.859269282814616,25.45201668984701,5.4,0,0,0,contact
671056,Iván Herrera,365,15.616438356164384,12.054794520547944,26.527958387516254,18.48739495798319,6.7,0,0,0,contact
805808,Kevin Mcgonigle,365,13.6986301369863,14.794520547945206,17.801047120418847,13.964686998394864,7.8,0,0,0,contact
681624,Andy Pages,364,19.78021978021978,7.142857142857143,33.246753246753244,20.827389443651924,8.8,0,1,0,contact
656941,Kyle Schwarber,362,33.70165745856354,13.535911602209945,25.059952038369303,31.140350877192983,20.2,1,1,-1,power
701398,Sal Stewart,362,21.54696132596685,10.773480662983426,27.956989247311828,24.11764705882353,14.6,1,1,0,power
695734,Daylen Lile,360,16.944444444444443,6.388888888888889,36.63663663663664,20.72992700729927,6.7,0,0,0,contact
518692,Freddie Freeman,359,16.434540389972145,11.6991643454039,26.700251889168765,19.10569105691057,11.0,0,1,0,contact
672640,Otto Lopez,359,13.927576601671309,4.456824512534819,34.2814371257485,18.66883116883117,6.9,0,0,0,contact
666176,Jo Adell,359,22.841225626740947,2.785515320334262,38.36734693877551,24.51108213820078,8.3,0,1,0,contact
660271,Shohei Ohtani,359,23.11977715877437,12.813370473537605,28.64583333333333,25.0,16.8,1,1,0,power
691406,Junior Caminero,358,17.318435754189945,11.452513966480447,28.15286624203822,20.0,13.1,0,1,0,contact
665487,Fernando Tatís,358,20.11173184357542,8.100558659217876,27.39322533136966,26.08695652173913,10.7,1,1,0,power
641355,Cody Bellinger,357,13.72549019607843,13.72549019607843,28.995756718528995,17.60797342192691,7.4,0,1,0,contact
668930,Brice Turang,357,26.050420168067227,12.88515406162465,23.60742705570292,20.28985507246377,9.0,1,1,0,power
621566,Matt Olson,357,22.969187675070028,8.96358543417367,27.68079800498753,19.91525423728813,13.3,1,1,0,power
678246,Miguel Vargas,356,16.573033707865168,13.764044943820224,20.74175824175824,16.27172195892575,14.5,0,1,0,contact
669364,Xavier Edwards,356,12.359550561797754,10.674157303370787,22.790055248618785,13.333333333333334,4.8,0,0,0,contact
646240,Rafael Devers,355,29.5774647887324,7.042253521126761,30.344827586206897,27.77777777777778,11.3,1,1,0,power
572233,Christian Walker,355,21.97183098591549,7.605633802816901,29.619565217391305,25.65982404692082,9.8,1,1,0,power
664023,Ian Happ,355,31.83098591549296,12.112676056338028,25.19893899204244,29.23076923076923,14.1,1,1,0,power
547180,Bryce Harper,355,19.154929577464788,13.80281690140845,33.917396745932415,28.062678062678064,12.7,1,1,0,power
682985,Riley Greene,354,26.836158192090394,12.429378531073446,24.967658473479947,27.12369597615499,12.7,1,1,0,power
607043,Brandon Nimmo,354,20.62146892655367,7.909604519774011,28.018575851393187,18.59070464767616,13.0,0,1,0,contact
669127,Shea Langeliers,353,20.113314447592067,7.36543909348442,31.66189111747851,25.460122699386503,14.1,1,1,0,power
606466,Ketel Marte,351,13.675213675213676,7.407407407407407,31.38138138138138,19.249592169657426,11.3,0,1,0,contact
645277,Ozzie Albies,351,11.396011396011396,6.552706552706553,36.16398243045388,17.899408284023668,3.9,0,0,0,contact
682928,Cj Abrams,351,21.65242165242165,8.262108262108262,36.79775280898876,27.25925925925926,9.9,1,1,0,power
802139,Jj Wetherholt,351,15.954415954415955,9.401709401709402,22.446043165467625,18.896321070234112,6.9,0,0,0,contact
677800,Wilyer Abreu,351,18.803418803418804,9.116809116809115,31.258840169731258,20.353982300884955,11.2,0,1,0,contact
664040,Brandon Lowe,351,26.21082621082621,9.686609686609687,33.5509138381201,32.38636363636363,13.0,1,1,0,power
666018,Jonathan Aranda,350,22.285714285714285,12.571428571428571,27.00831024930748,18.81188118811881,10.1,1,1,0,power
677951,Bobby Witt,350,17.142857142857142,9.714285714285714,32.73480662983425,21.009771986970684,12.3,0,1,0,contact
656305,Matt Chapman,349,22.922636103151863,10.31518624641834,26.264044943820224,21.21212121212121,6.6,0,0,0,contact
650333,Luis Arráez,349,3.7249283667621778,4.584527220630372,32.89473684210526,7.109737248840804,0.3,0,0,-1,contact
805300,Jakob Marsee,349,23.49570200573066,12.607449856733524,23.680456490727533,17.805755395683452,3.3,0,0,0,contact
676475,Alec Burleson,348,14.367816091954024,8.045977011494253,33.58895705521472,17.8343949044586,11.0,0,1,0,contact
702284,Cole Young,348,16.95402298850575,6.32183908045977,30.194319880418536,17.57188498402556,5.5,0,0,0,contact
682998,Corbin Carroll,345,21.44927536231884,10.72463768115942,29.9860529986053,26.094003241491087,12.2,1,1,0,power
647304,Josh Naylor,344,12.790697674418604,6.976744186046512,35.980551053484604,16.524701873935264,5.2,0,0,0,contact
665489,Vladimir Guerrero,344,10.755813953488373,8.720930232558139,30.98802395209581,17.37649063032368,6.7,0,0,0,contact
805367,Chase Meidroth,344,24.41860465116279,9.011627906976743,27.401129943502823,17.94871794871795,4.4,0,0,0,contact
650490,Yandy Díaz,342,13.157894736842104,8.771929824561404,26.34069400630915,11.785095320623917,7.5,0,0,0,contact
642715,Willy Adames,342,27.77777777777778,5.555555555555555,32.448377581120944,27.429467084639494,9.3,1,1,0,power
673962,Josh Jung,341,17.88856304985337,7.331378299120234,30.35439137134052,17.098445595854923,5.6,0,0,0,contact
672695,Geraldo Perdomo,341,12.609970674486805,14.662756598240469,22.175732217573223,10.611510791366907,3.3,0,0,0,contact
700250,Ben Rice,340,23.529411764705884,10.882352941176473,24.390243902439025,23.529411764705884,13.9,1,1,0,power
592518,Manny Machado,340,21.764705882352946,10.294117647058824,30.76923076923077,23.62804878048781,10.1,1,1,0,power
672960,Kazuma Okamoto,340,32.35294117647059,9.411764705882351,25.70281124497992,32.45749613601237,14.5,1,1,0,power
701538,Jackson Merrill,339,25.073746312684367,6.489675516224189,35.2054794520548,25.135135135135137,9.6,1,1,0,power
680776,Jarren Duran,338,29.881656804733726,6.21301775147929,35.96358118361153,32.85024154589372,10.4,1,1,0,power
691023,Jordan Walker,338,25.7396449704142,6.804733727810651,35.50834597875569,28.706624605678236,13.3,1,1,0,power
545361,Mike Trout,337,24.62908011869436,17.2106824925816,19.3029490616622,20.55045871559633,20.9,1,1,-1,power
575929,Willson Contreras,337,25.816023738872403,8.90207715133531,34.45378151260504,29.612403100775197,13.8,1,1,0,power
663656,Kyle Tucker,336,21.13095238095238,12.202380952380953,25.40381791483113,21.745788667687595,5.9,0,0,0,contact
691016,Tyler Soderstrom,336,17.55952380952381,11.607142857142858,25.958702064896755,19.897084048027445,10.0,0,1,0,contact
661388,William Contreras,336,13.392857142857142,8.333333333333334,28.684627575277336,17.15867158671587,7.8,0,0,0,contact
670623,Isaac Paredes,335,15.82089552238806,9.850746268656716,27.468354430379748,16.512345679012345,6.3,0,0,0,contact
701807,Carson Benge,334,21.856287425149706,6.88622754491018,26.431718061674008,19.967532467532468,8.1,0,0,0,contact
695657,Colson Montgomery,334,31.736526946107784,8.083832335329342,31.927710843373493,33.99390243902439,14.4,1,1,0,power
521692,Salvador Pérez,334,19.760479041916167,3.2934131736526946,45.55712270803949,23.672883787661405,9.3,0,1,0,contact
681198,Tj Rumfield,334,14.37125748502994,9.580838323353293,30.91715976331361,18.078175895765472,6.1,0,0,0,contact
663586,Austin Riley,333,28.52852852852853,8.408408408408409,32.658569500674766,29.793977812995244,9.9,1,1,0,power
696100,Hunter Goodman,333,32.732732732732735,6.906906906906907,41.07402031930334,32.23388305847077,17.4,1,1,0,power
668227,Randy Arozarena,332,21.98795180722892,9.036144578313252,31.75775480059084,25.16025641025641,7.4,1,1,0,power
669394,Jake Burger,331,25.98187311178248,8.157099697885196,36.52694610778443,31.97389885807504,9.7,1,1,0,power
621439,Byron Buxton,330,24.545454545454547,6.363636363636363,35.07692307692308,29.513343799058084,18.5,1,1,0,power
605137,Josh Bell,329,21.580547112462007,6.990881458966565,31.2316715542522,22.52663622526636,10.0,1,1,0,power
676391,Ernie Clement,327,10.091743119266056,3.363914373088685,44.79371316306483,14.56140350877193,2.5,0,0,0,contact
679529,Spencer Torkelson,326,32.20858895705521,11.349693251533742,21.866295264623957,29.096989966555185,13.5,1,1,0,power
686797,Brooks Lee,325,15.384615384615383,6.769230769230769,32.84313725490196,18.312101910828027,4.4,0,0,0,contact
664761,Alec Bohm,325,14.153846153846152,6.461538461538462,24.829931972789115,13.747645951035782,4.4,0,0,0,contact
693307,Dillon Dingler,324,21.604938271604937,7.098765432098766,34.575260804769,20.230263157894736,12.6,1,1,0,power
665862,Jazz Chisholm,323,28.48297213622291,10.526315789473683,28.34757834757835,29.879101899827287,8.8,1,1,0,power
701358,Cam Smith,321,25.233644859813083,8.722741433021806,28.38038632986627,27.850162866449512,12.6,1,1,0,power
543760,Marcus Semien,320,21.25,7.1875,29.1958041958042,21.59468438538206,8.0,0,0,0,contact
693304,Nick Gonzales,319,18.808777429467085,6.269592476489028,31.90082644628099,21.337579617834397,3.0,0,0,0,contact
669477,Casey Schmitt,318,19.18238993710692,2.20125786163522,37.2791519434629,20.35830618892508,12.8,0,1,0,contact
807712,Luke Keaschall,317,15.141955835962143,9.46372239747634,22.92358803986711,14.343434343434344,3.0,0,0,0,contact
621020,Dansby Swanson,317,23.974763406940063,11.67192429022082,25.70162481536189,28.141592920353983,7.0,1,1,0,power
668715,Spencer Steer,316,23.417721518987346,9.177215189873415,26.27511591962906,22.968197879858657,12.9,1,1,0,power
680757,Steven Kwan,316,10.443037974683543,12.341772151898734,21.990369181380416,7.432432432432432,0.4,0,0,-1,contact
669016,Brandon Marsh,315,26.03174603174603,4.126984126984127,38.42281879194631,22.63242375601926,9.3,1,1,0,power
677587,Brayan Rocchio,315,13.333333333333334,7.936507936507937,33.73676248108926,21.521035598705502,2.5,0,1,0,contact
643289,Mauricio Dubón,315,14.285714285714286,6.031746031746032,37.17948717948718,14.403973509933774,5.3,0,0,0,contact
678882,Ceddanne Rafaela,315,19.365079365079364,4.761904761904762,40.1305057096248,22.22222222222222,5.2,0,0,0,contact
608070,José Ramírez,314,14.012738853503183,11.46496815286624,29.65616045845272,15.126050420168069,6.6,0,0,0,contact
593428,Xander Bogaerts,314,17.8343949044586,10.828025477707008,25.914149443561207,20.80152671755725,5.9,0,0,0,contact
802415,Chandler Simpson,312,10.256410256410255,5.448717948717949,29.79591836734694,8.421052631578947,0.0,0,0,0,contact
691026,Masyn Winn,307,19.21824104234528,8.143322475570033,23.69747899159664,18.7984496124031,3.2,0,0,0,contact
808982,Jung Hoo Lee,306,9.477124183006536,4.248366013071895,30.40421792618629,10.836501901140684,2.7,0,0,0,contact
681082,Bryson Stott,302,17.549668874172184,7.28476821192053,32.854864433811805,15.849056603773583,7.1,0,0,0,contact
571448,Nolan Arenado,302,20.198675496688743,7.947019867549669,31.87311178247734,21.32616487455197,6.7,0,0,0,contact
695600,Carter Jensen,300,26.33333333333333,8.666666666666666,25.0,25.849056603773583,8.3,1,0,0,power
678662,Ezequiel Tovar,300,27.666666666666668,5.333333333333333,45.18900343642612,26.696165191740413,7.1,1,0,0,power
571970,Max Muncy,299,23.411371237458194,11.705685618729095,24.750830564784053,24.51737451737452,14.7,1,1,0,power
695506,Jac Caglianone,297,30.303030303030305,8.417508417508417,34.905660377358494,28.448275862068964,16.9,1,1,0,power
687462,Spencer Horwitz,296,13.513513513513514,13.513513513513514,24.16534181240064,13.721413721413722,8.6,0,1,0,contact
680574,Matt Mclain,296,26.013513513513512,11.824324324324325,24.675324675324678,23.74245472837022,9.4,1,1,0,power
671739,Michael Harris,295,20.0,4.406779661016949,45.2991452991453,22.97297297297297,14.6,1,1,0,power
672580,Maikel García,294,15.306122448979592,8.16326530612245,22.735346358792185,13.769751693002258,4.9,0,0,0,contact
673548,Seiya Suzuki,294,26.53061224489796,9.863945578231291,23.04147465437788,24.37619961612284,8.3,1,0,0,power
686469,Vinnie Pasquantino,293,17.406143344709896,10.238907849829353,30.01579778830964,14.095238095238097,7.2,0,0,0,contact
689414,Liam Hicks,289,9.688581314878892,9.688581314878892,26.678765880217785,10.208816705336426,4.4,0,0,0,contact
656811,Ryan O'Hearn,289,22.14532871972318,6.920415224913495,33.445378151260506,20.03780718336484,6.4,0,0,0,contact
650489,Willi Castro,289,25.60553633217993,8.650519031141869,37.06624605678233,27.035830618892508,6.0,1,0,0,power
641343,Jake Bauers,288,25.34722222222222,12.5,20.033112582781456,24.897119341563787,12.7,1,1,0,power
641487,J. P. Crawford,287,19.51219512195122,13.2404181184669,19.93243243243243,15.250544662309368,7.4,0,0,0,contact
682829,Elly De La Cruz,286,28.67132867132867,9.090909090909092,26.600985221674875,26.778242677824267,13.7,1,1,0,power
687859,Troy Johnston,284,17.253521126760564,8.450704225352112,34.35114503816794,21.3307240704501,2.4,0,0,0,contact
665833,Oneil Cruz,283,34.628975265017665,9.89399293286219,32.36641221374046,35.64356435643565,16.4,1,1,0,power
665019,Kody Clemens,283,21.20141342756184,6.360424028268551,31.729055258467024,21.973929236499067,12.6,1,1,0,power
665926,Andrés Giménez,283,19.434628975265017,3.180212014134276,42.88354898336414,21.95945945945946,3.8,0,0,0,contact
694384,Nolan Schanuel,282,14.893617021276595,8.156028368794326,28.15884476534296,15.968063872255488,2.4,0,0,0,contact
677649,Ezequiel Duran,281,23.487544483985765,7.473309608540926,36.61971830985915,23.646209386281587,5.7,0,0,0,contact
686555,Isaac Collins,281,23.131672597864767,12.099644128113878,19.81132075471698,19.95249406175772,5.7,0,0,0,contact
665742,Juan Soto,281,12.455516014234876,12.811387900355871,20.344827586206897,17.59259259259259,14.4,0,1,0,contact
800050,Chase Delauter,279,13.620071684587812,10.03584229390681,19.485294117647054,13.303769401330378,5.6,0,0,0,contact
683146,Brett Baty,279,27.59856630824373,10.03584229390681,26.956521739130437,26.577437858508603,8.2,1,1,0,power
656775,Cedric Mullins,278,19.42446043165468,8.273381294964029,29.609929078014183,19.851576994434136,4.1,0,0,0,contact
683083,Nasim Nuñez,275,23.63636363636364,10.181818181818182,26.75044883303411,20.11173184357542,0.0,0,0,0,contact
543807,George Springer,275,19.63636363636364,10.181818181818182,25.261324041811847,21.428571428571427,7.5,0,0,0,contact
686217,Sal Frelick,274,9.124087591240876,8.75912408759124,22.612085769980503,9.049773755656108,2.3,0,0,0,contact
671277,Luis García,274,14.963503649635037,4.37956204379562,40.99264705882353,16.252390057361378,10.0,0,1,0,contact
643446,Jeff Mcneil,273,12.82051282051282,7.326007326007326,32.75529865125241,14.2602495543672,0.9,0,0,0,contact
696285,Jacob Young,272,19.11764705882353,4.411764705882353,27.383367139959432,18.16143497757848,6.4,0,0,0,contact
702332,Caleb Durbin,271,14.391143911439114,5.904059040590406,28.32980972515856,14.732142857142858,2.8,0,0,0,contact
514888,José Altuve,270,21.48148148148148,8.518518518518519,35.055350553505534,23.178807947019862,6.5,0,0,0,contact
691720,Kyle Karros,270,21.11111111111111,11.11111111111111,23.96694214876033,23.38204592901879,7.4,0,0,0,contact
657757,Gavin Sheets,270,23.33333333333333,10.37037037037037,32.27953410981697,18.951612903225808,8.5,0,1,0,contact
545121,Ildemaro Vargas,270,9.25925925925926,4.444444444444445,39.130434782608695,12.606837606837606,4.0,0,0,0,contact
624585,Jorge Soler,270,31.11111111111111,10.0,27.35191637630662,33.72781065088758,11.1,1,1,0,power
662139,Daulton Varsho,268,20.895522388059703,8.208955223880597,36.21908127208481,18.352059925093634,7.0,0,0,0,contact
803011,Sam Antonacci,265,14.716981132075473,7.547169811320755,21.52380952380953,13.488372093023257,7.0,0,0,0,contact
663757,Trent Grisham,265,15.849056603773583,14.339622641509434,16.34980988593156,15.0,12.0,0,1,0,contact
700932,Kyle Manzardo,265,31.69811320754717,10.566037735849056,31.04631217838765,28.54330708661417,11.4,1,1,0,power
592626,Joc Pederson,264,21.96969696969697,11.742424242424242,28.125,27.720739219712527,11.2,1,1,0,power
694212,Samuel Basallo,262,25.95419847328244,7.633587786259542,40.59590316573557,27.680311890838208,11.6,1,1,0,power
592450,Aaron Judge,261,27.58620689655172,14.17624521072797,25.81168831168831,30.1255230125523,21.7,1,1,-1,power
686948,Drake Baldwin,261,24.521072796934867,9.195402298850574,36.15819209039548,23.90438247011952,16.7,1,1,0,power
665750,Leody Taveras,261,24.521072796934867,9.578544061302685,30.350877192982452,23.36065573770492,4.1,0,0,0,contact
676609,José Caballero,260,21.53846153846154,6.153846153846154,34.709193245778614,23.725490196078432,3.3,0,0,0,contact
666969,Adolis García,259,32.432432432432435,8.108108108108109,29.776247848537004,31.364562118126276,9.3,1,1,0,power
702222,Justin Crawford,257,21.40077821011673,6.22568093385214,38.55421686746988,16.346153846153847,1.1,0,0,0,contact
669065,Kyle Stowers,257,31.1284046692607,8.949416342412452,33.52059925093633,33.980582524271846,11.0,1,1,0,power
669003,Garrett Mitchell,256,33.984375,12.109375,21.973929236499067,34.94505494505494,13.4,1,1,0,power
643217,Andrew Benintendi,255,25.098039215686278,7.450980392156863,32.27091633466136,26.4,10.5,1,1,0,power
663616,Trevor Larnach,255,17.647058823529413,10.980392156862743,30.74003795066413,25.176470588235293,6.8,0,1,0,contact
672724,Oswald Peraza,255,27.45098039215686,3.5294117647058822,37.84355179704017,26.02739726027397,8.2,1,1,0,power
668885,Austin Martin,254,17.716535433070867,12.20472440944882,18.700787401574804,17.974683544303797,2.3,0,0,0,contact
678554,Curtis Mead,253,18.57707509881423,10.67193675889328,25.44483985765125,15.227272727272728,11.0,0,1,0,contact
664983,Jake Mccarthy,250,17.6,5.6,34.08577878103837,19.444444444444443,5.2,0,0,0,contact
808959,Munetaka Murakami,246,32.520325203252035,16.260162601626018,21.901528013582343,38.93805309734513,20.7,1,1,-1,power
668901,Mark Vientos,245,24.081632653061224,4.489795918367347,37.33905579399141,30.595482546201232,9.8,1,1,0,power
682657,Angel Martínez,244,21.72131147540984,2.8688524590163933,43.69747899159664,16.330645161290324,7.9,0,1,0,contact
690993,Colt Keith,242,18.59504132231405,4.958677685950414,23.571428571428573,19.788918205804748,7.1,0,0,0,contact
656555,Rhys Hoskins,240,30.83333333333333,15.416666666666666,21.978021978021975,29.78723404255319,10.4,1,1,0,power
671976,Tristan Peters,237,18.14345991561181,7.172995780590718,35.730858468677496,18.442622950819672,4.6,0,0,0,contact
671732,Lawrence Butler,237,26.582278481012654,10.548523206751057,24.84472049689441,26.59090909090909,6.8,1,0,0,power
668709,Jj Bleday,236,19.06779661016949,13.559322033898304,22.77432712215321,24.0,9.7,1,1,0,power
668939,Adley Rutschman,236,14.40677966101695,10.169491525423728,25.858585858585855,13.15136476426799,8.5,0,1,0,contact
660670,Ronald Acuña,236,22.033898305084747,13.983050847457626,24.953789279112755,25.806451612903224,13.1,1,1,0,power
605170,Víctor Caratini,235,18.72340425531915,9.787234042553193,25.43478260869565,19.78319783197832,8.2,0,0,0,contact
694497,Evan Carter,235,23.829787234042552,12.340425531914894,19.50718685831622,24.75,6.8,1,0,0,power
663728,Cal Raleigh,235,31.06382978723404,12.340425531914894,36.28472222222222,29.41176470588235,11.3,1,1,0,power
663837,Matt Vierling,235,16.170212765957448,7.23404255319149,32.036613272311214,14.823529411764708,5.6,0,0,0,contact
660821,Jesús Sánchez,234,22.22222222222222,3.8461538461538463,39.6588486140725,22.77432712215321,10.8,1,1,0,power
682177,Daniel Schneemann,233,29.184549356223176,9.012875536480689,34.261241970021416,29.912663755458517,7.6,1,1,0,power
681393,Connor Norby,233,30.042918454935624,10.300429184549357,27.311827956989248,29.705215419501133,7.6,1,1,0,power
683953,Travis Bazzana,231,20.346320346320347,11.255411255411255,25.313807531380757,24.264705882352946,4.5,0,1,0,contact
691723,Coby Mayo,231,33.333333333333336,7.792207792207792,30.5668016194332,30.16241299303944,9.7,1,1,0,power
669357,Nolan Gorman,230,32.17391304347826,10.0,31.809145129224653,37.2093023255814,9.2,1,1,0,power
663886,Tyler Stephenson,230,25.217391304347824,11.73913043478261,20.88888888888889,24.444444444444443,11.1,1,1,0,power
680869,Zack Gelof,230,23.91304347826087,6.086956521739131,23.00242130750605,25.0,7.1,1,0,0,power
542303,Marcell Ozuna,230,29.565217391304348,8.695652173913043,25.74074074074074,29.38388625592417,8.7,1,1,0,power
502671,Paul Goldschmidt,229,20.524017467248907,7.423580786026201,34.40860215053763,22.398190045248867,11.7,1,1,0,power
691785,Marcelo Mayer,228,19.29824561403509,7.017543859649122,29.157175398633257,25.05966587112172,6.1,0,0,0,contact
670042,Luke Raley,227,32.158590308370044,5.286343612334802,33.54564755838641,39.24050632911393,17.0,1,1,0,power
672515,Gabriel Moreno,226,15.929203539823009,10.619469026548671,32.745098039215684,15.196078431372548,8.8,0,1,0,contact
683357,Owen Caissie,226,38.49557522123894,7.522123893805309,29.80392156862745,32.5,15.0,1,1,0,power
694192,Jackson Chourio,225,24.0,6.666666666666667,33.70288248337029,21.34292565947242,13.7,1,1,0,power
573262,Mike Yastrzemski,225,24.444444444444443,9.333333333333334,26.338329764453963,21.37404580152672,4.1,0,0,0,contact
804606,Konnor Griffin,224,25.892857142857142,6.25,38.03131991051454,29.792147806004618,8.2,1,1,0,power
670764,Taylor Walls,224,24.553571428571427,11.607142857142858,24.458874458874455,19.74025974025974,3.5,0,0,0,contact
592663,J. T. Realmuto,223,19.282511210762333,7.623318385650224,32.5635103926097,23.26732673267327,5.1,0,0,0,contact
666152,David Hamilton,223,22.42152466367713,9.417040358744394,30.63063063063063,19.09547738693467,4.0,0,0,0,contact
592885,Christian Yelich,220,28.63636363636364,8.636363636363637,23.16017316017316,30.86124401913876,6.8,1,1,0,power
686527,Dominic Canzone,220,20.90909090909091,9.090909090909092,33.55555555555556,26.666666666666668,16.0,1,1,0,power
666397,Edouard Julien,220,26.363636363636363,13.181818181818182,19.60352422907489,22.015915119363395,6.8,1,0,0,power
657041,Lane Thomas,219,21.91780821917808,13.6986301369863,20.0,17.119565217391305,4.3,0,0,0,contact
608369,Corey Seager,219,26.940639269406397,11.872146118721462,28.571428571428573,31.25,15.4,1,1,0,power
605141,Mookie Betts,218,12.844036697247706,6.8807339449541285,19.35483870967742,11.607142857142858,8.7,0,0,0,contact
608348,Carson Kelly,218,16.05504587155963,10.55045871559633,27.640449438202246,19.849246231155774,6.4,0,0,0,contact
553993,Eugenio Suárez,217,33.17972350230415,7.834101382488479,31.45336225596529,32.02933985330073,7.1,1,1,0,power
609280,Miguel Andújar,217,15.66820276497696,3.225806451612903,40.67796610169491,17.201834862385322,4.7,0,0,0,contact
805779,Jacob Wilson,215,11.627906976744184,4.651162790697675,40.58355437665782,13.49397590361446,1.7,0,0,0,contact
671289,Tyler Freeman,215,13.023255813953488,4.186046511627907,30.17902813299233,11.290322580645162,1.2,0,0,0,contact
701675,Nathan Church,210,21.428571428571427,5.238095238095238,44.65558194774347,21.72949002217295,8.6,0,1,0,contact
694728,Brice Matthews,209,32.53588516746412,6.220095693779904,25.57603686635945,34.77157360406091,8.7,1,1,0,power
650859,Luis Rengifo,209,11.483253588516746,8.61244019138756,30.58823529411765,16.836734693877553,4.8,0,0,0,contact
681297,Colton Cowser,209,28.708133971291865,11.483253588516746,28.661087866108787,31.632653061224488,12.1,1,1,0,power
606192,Teoscar Hernández,209,27.751196172248804,8.61244019138756,25.83518930957684,26.89295039164491,10.8,1,1,0,power
668904,Royce Lewis,209,27.272727272727277,8.61244019138756,33.64055299539171,31.64556962025317,12.1,1,1,0,power
666126,Carlos Cortes,209,11.483253588516746,10.047846889952153,23.883928571428573,17.962466487935657,8.1,0,0,0,contact
677942,Blaze Alexander,207,22.70531400966184,6.280193236714976,29.77099236641221,23.732718894009217,7.1,0,0,0,contact
686681,Michael Massey,207,15.942028985507246,4.3478260869565215,38.3248730964467,18.89168765743073,7.3,0,0,0,contact
669236,Jeremiah Jackson,206,19.41747572815534,1.941747572815534,38.57566765578635,23.902439024390244,6.8,0,0,0,contact
656716,Zach Mckinstry,206,16.990291262135923,10.194174757281552,28.71794871794872,12.307692307692308,2.0,0,0,0,contact
663968,Jake Mangum,206,18.446601941747574,4.854368932038835,48.29268292682927,17.225950782997764,1.3,0,0,0,contact
657656,Ramón Laureano,206,31.553398058252423,9.70873786407767,32.743362831858406,30.14018691588785,14.3,1,1,0,power
663993,Nathaniel Lowe,204,25.0,11.764705882352942,27.074235807860266,17.41424802110818,11.0,1,1,0,power
665161,Jeremy Peña,203,17.24137931034483,7.389162561576355,34.88943488943489,26.119402985074625,4.0,0,1,0,contact
641857,Ryan Mcmahon,203,30.541871921182267,7.389162561576355,30.1980198019802,27.851458885941646,11.2,1,1,0,power
667670,Brent Rooker,203,32.01970443349754,8.866995073891626,31.025641025641026,36.187845303867405,15.4,1,1,0,power
690976,Alex Freeland,202,27.722772277227723,10.891089108910892,22.06572769953052,25.454545454545453,5.7,1,0,0,power
681351,Logan O'Hoppe,202,24.752475247524757,6.930693069306931,34.0632603406326,26.203208556149733,10.4,1,1,0,power
691594,Javier Sanoja,201,10.447761194029852,5.472636815920398,42.81524926686217,11.11111111111111,1.2,0,0,0,contact
669257,Will Smith,201,16.915422885572138,11.442786069651742,21.3302752293578,14.124293785310735,13.4,0,1,0,contact
642086,Dominic Smith,198,13.131313131313131,6.0606060606060606,32.89473684210526,18.46965699208443,6.9,0,0,0,contact
682626,Francisco Álvarez,197,25.38071065989848,7.614213197969543,32.71461716937355,28.840970350404312,17.3,1,1,0,power
681481,Kerry Carpenter,197,30.456852791878173,8.121827411167512,36.017897091722595,27.806122448979597,11.1,1,1,0,power
663743,Nick Fortes,197,12.182741116751268,2.538071065989848,39.21568627450981,13.128491620111731,1.2,0,0,0,contact
680700,Richie Palacios,196,18.877551020408163,11.73469387755102,31.367924528301888,19.653179190751445,3.0,0,0,0,contact
687401,Joey Ortiz,195,18.46153846153846,10.256410256410255,31.202046035805623,17.3374613003096,3.6,0,0,0,contact
810938,Ben Williamson,194,19.587628865979383,8.762886597938145,30.20304568527919,15.723270440251572,1.5,0,0,0,contact
669224,Austin Wells,193,26.94300518134715,10.88082901554404,29.72972972972973,27.956989247311828,6.0,1,0,0,power
650402,Gleyber Torres,192,17.1875,14.583333333333334,16.42512077294686,19.31464174454829,7.9,0,0,0,contact
687551,Drew Gilbert,189,17.46031746031746,8.465608465608465,24.37673130193906,20.0,2.2,0,0,0,contact
681715,Heriberto Hernandez,189,23.80952380952381,9.523809523809524,25.25773195876289,30.55555555555556,8.8,1,1,0,power
660688,Keibert Ruiz,187,13.368983957219251,3.2085561497326203,36.9281045751634,13.636363636363637,5.2,0,0,0,contact
664034,Ty France,187,24.59893048128342,4.81283422459893,32.526881720430104,26.785714285714285,12.1,1,1,0,power
671218,Heliot Ramos,184,26.08695652173913,5.434782608695652,37.121212121212125,24.688279301745634,13.6,1,1,0,power
687363,Victor Scott,184,23.91304347826087,8.695652173913043,22.085889570552148,23.34384858044164,0.8,0,0,0,contact
670770,Tj Friedl,184,23.91304347826087,7.065217391304348,27.953890489913544,24.422442244224424,2.4,0,0,0,contact
664728,Kyle Isbel,184,22.282608695652176,5.434782608695652,33.52601156069364,14.743589743589745,3.1,0,0,0,contact
666160,Mickey Moniak,183,24.59016393442623,5.46448087431694,42.85714285714285,25.606469002695416,12.0,1,1,0,power
807799,Masataka Yoshida,181,11.60220994475138,9.392265193370166,29.65116279069768,15.018315018315018,2.1,0,0,0,contact
687093,Vaughn Grissom,180,11.666666666666666,8.88888888888889,26.239067055393587,18.098159509202453,6.5,0,0,0,contact
678391,Jorbit Vivas,179,12.849162011173185,8.379888268156424,27.77777777777778,16.352201257861637,4.4,0,0,0,contact
699912,Jose Fernandez,178,22.471910112359552,3.932584269662921,36.91460055096419,23.07692307692308,3.9,0,0,0,contact
543877,Christian Vázquez,178,16.292134831460675,6.741573033707865,35.43956043956044,16.307692307692307,1.5,0,0,0,contact
691781,Brady House,177,28.24858757062147,7.344632768361582,33.5243553008596,30.43478260869565,10.5,1,1,0,power
596115,Trevor Story,176,32.38636363636363,4.545454545454546,44.04432132963989,28.09917355371901,3.6,1,0,0,power
672761,Wenceel Pérez,175,16.571428571428573,8.0,29.09090909090909,16.293929712460063,7.6,0,0,0,contact
694208,Moisés Ballesteros,175,20.571428571428573,9.714285714285714,35.15625,24.148606811145516,9.0,1,1,0,power
664770,Nathan Lukes,175,15.428571428571429,5.142857142857143,36.440677966101696,16.470588235294116,1.5,0,0,0,contact
805999,A. J. Ewing,173,24.277456647398843,11.560693641618498,26.109660574412533,21.68284789644013,6.4,1,0,0,power
678218,Brandon Valenzuela,173,24.85549132947977,11.560693641618498,28.767123287671232,23.85057471264368,8.3,1,1,0,power
694671,Wyatt Langford,173,21.387283236994215,5.780346820809249,28.16455696202532,20.0,8.0,0,0,0,contact
700337,Edgar Quero,172,23.837209302325583,6.976744186046512,27.058823529411764,20.12578616352201,2.6,0,0,0,contact
669707,Jared Triolo,172,25.0,7.558139534883721,23.952095808383238,21.32867132867133,1.8,0,0,0,contact
687221,Dalton Rushing,170,26.47058823529412,9.411764705882351,31.51515151515152,30.063291139240505,10.5,1,1,0,power
672275,Patrick Bailey,169,25.44378698224852,7.100591715976331,32.06521739130435,24.57627118644068,6.1,1,0,0,power
805811,Bryce Eldridge,167,22.15568862275449,12.574850299401197,27.08333333333333,21.33333333333333,12.0,1,1,0,power
679845,Nick Loftin,166,13.25301204819277,10.240963855421686,23.225806451612904,14.624505928853756,6.6,0,0,0,contact
691777,Max Muncy,165,31.51515151515152,6.666666666666667,35.54216867469879,29.320987654320987,11.5,1,1,0,power
696030,Alejandro Osuna,163,14.723926380368098,8.588957055214724,29.209621993127147,11.387900355871889,0.0,0,0,0,contact
656484,Tristan Gray,163,30.06134969325153,5.521472392638037,39.50617283950617,29.885057471264368,5.8,1,1,0,power
703607,Henry Bolte,162,27.77777777777778,8.641975308641975,28.125,32.04225352112676,6.3,1,1,0,power
677588,José Tena,162,33.333333333333336,6.790123456790123,32.05882352941177,32.82208588957055,9.4,1,1,0,power
680779,Henry Davis,162,20.98765432098765,8.641975308641975,30.689655172413797,22.07792207792208,11.9,1,1,0,power
596142,Gary Sánchez,158,18.9873417721519,17.088607594936708,20.0,24.034334763948497,10.1,1,1,0,power
680728,Adrian Del Castillo,157,28.662420382165607,7.643312101910828,29.11764705882353,24.675324675324678,6.0,1,0,0,power
543309,Kyle Higashioka,156,26.28205128205128,9.615384615384617,28.923076923076923,25.925925925925927,9.1,1,1,0,power
665966,Carlos Narváez,156,32.05128205128205,7.051282051282051,34.21052631578947,28.698224852071007,7.7,1,1,0,power
641933,Tyler O'Neill,156,27.56410256410257,10.897435897435898,26.48809523809524,28.321678321678323,6.4,1,1,0,power
666023,Freddy Fermin,155,20.64516129032258,10.96774193548387,31.594202898550726,22.580645161290324,2.9,0,0,0,contact
694362,Blake Dunn,155,21.29032258064516,6.451612903225806,28.73134328358209,19.844357976653697,2.7,0,0,0,contact
620443,Luis Torrens,153,21.568627450980397,4.57516339869281,34.82428115015974,21.254355400696863,3.7,0,0,0,contact
676356,Jonny Deluca,150,20.0,4.0,35.54006968641115,23.131672597864767,4.4,0,0,0,contact
682668,Luisangel Acuña,150,17.333333333333332,4.666666666666667,34.05797101449275,22.00772200772201,4.4,0,0,0,contact
