batter,name,primary_slot,games_started,slot_share,g_slot1,g_slot2,g_slot3,g_slot4,g_slot5,g_slot6,g_slot7,g_slot8,g_slot9
702284,Cole Young,8,87,0.2988505747126437,9,0,0,0,4,18,13,26,17
695578,James Wood,1,87,1.0,87,0,0,0,0,0,0,0,0
624413,Pete Alonso,4,87,0.6091954022988506,0,0,34,53,0,0,0,0,0
670541,Yordan Álvarez,2,86,0.872093023255814,0,75,11,0,0,0,0,0,0
683002,Gunnar Henderson,2,86,0.6976744186046512,26,60,0,0,0,0,0,0,0
666182,Bo Bichette,2,86,0.627906976744186,11,54,15,6,0,0,0,0,0
677594,Julio Rodríguez,3,86,0.5232558139534884,0,41,45,0,0,0,0,0,0
621493,Taylor Ward,1,86,0.7093023255813954,61,25,0,0,0,0,0,0,0
547180,Bryce Harper,3,85,0.9529411764705882,0,4,81,0,0,0,0,0,0
691718,Pete Crow-Armstrong,1,85,0.36470588235294116,31,4,0,8,0,3,2,29,8
666176,Jo Adell,6,85,0.3764705882352941,0,0,18,15,19,32,1,0,0
572233,Christian Walker,4,85,0.4823529411764706,0,0,25,41,16,0,3,0,0
646240,Rafael Devers,4,85,0.6470588235294118,0,18,4,55,8,0,0,0,0
683737,Michael Busch,3,84,0.30952380952380953,7,18,26,2,13,14,4,0,0
695734,Daylen Lile,6,84,0.38095238095238093,0,4,6,16,25,32,1,0,0
682985,Riley Greene,4,84,0.6309523809523809,0,0,8,53,19,4,0,0,0
681624,Andy Pages,2,84,0.35714285714285715,0,30,6,6,9,8,19,6,0
669364,Xavier Edwards,1,84,0.32142857142857145,27,18,3,27,2,0,7,0,0
701398,Sal Stewart,4,84,0.6428571428571429,0,4,24,54,2,0,0,0,0
701762,Nick Kurtz,2,84,0.40476190476190477,32,34,18,0,0,0,0,0,0
645277,Ozzie Albies,4,83,0.3614457831325301,0,14,21,30,6,12,0,0,0
608324,Alex Bregman,3,83,0.40963855421686746,0,32,34,15,2,0,0,0,0
607208,Trea Turner,1,83,0.7710843373493976,64,19,0,0,0,0,0,0,0
687263,Zach Neto,1,83,0.963855421686747,80,0,1,0,0,2,0,0,0
621566,Matt Olson,3,83,0.7469879518072289,0,0,62,21,0,0,0,0,0
518692,Freddie Freeman,3,83,0.5301204819277109,0,20,44,16,3,0,0,0,0
663538,Nico Hoerner,1,83,0.5783132530120482,48,8,0,1,6,14,6,0,0
656305,Matt Chapman,3,83,0.26506024096385544,5,9,22,3,16,9,19,0,0
682928,Cj Abrams,4,82,0.7682926829268293,0,0,2,63,11,6,0,0,0
641355,Cody Bellinger,4,82,0.5,0,2,38,41,1,0,0,0,0
805808,Kevin Mcgonigle,1,82,0.5609756097560976,46,27,5,0,0,4,0,0,0
668804,Bryan Reynolds,3,82,1.0,0,0,82,0,0,0,0,0,0
682998,Corbin Carroll,2,82,0.6585365853658537,0,54,28,0,0,0,0,0,0
671056,Iván Herrera,2,82,1.0,0,82,0,0,0,0,0,0,0
592518,Manny Machado,4,82,0.573170731707317,0,2,33,47,0,0,0,0,0
672960,Kazuma Okamoto,4,82,0.4634146341463415,0,3,4,38,16,3,18,0,0
672640,Otto Lopez,3,82,0.3780487804878049,3,26,31,7,15,0,0,0,0
677587,Brayan Rocchio,9,82,0.7560975609756098,0,3,9,0,0,3,5,0,62
691406,Junior Caminero,2,82,0.4146341463414634,0,34,25,23,0,0,0,0,0
677800,Wilyer Abreu,3,82,0.6463414634146342,0,0,53,10,18,1,0,0,0
575929,Willson Contreras,4,81,0.7160493827160493,0,18,5,58,0,0,0,0,0
642715,Willy Adames,1,81,0.38271604938271603,31,1,0,12,9,27,1,0,0
672695,Geraldo Perdomo,3,81,0.5555555555555556,10,16,45,0,1,6,3,0,0
656941,Kyle Schwarber,2,81,0.7407407407407407,21,60,0,0,0,0,0,0,0
663586,Austin Riley,5,81,0.32098765432098764,0,0,0,19,26,26,10,0,0
664023,Ian Happ,4,81,0.43209876543209874,0,1,17,35,24,2,2,0,0
621020,Dansby Swanson,9,81,0.6049382716049383,0,0,0,0,1,11,12,8,49
665487,Fernando Tatís,1,81,0.5308641975308642,43,34,0,1,3,0,0,0,0
607043,Brandon Nimmo,1,81,0.48148148148148145,39,6,21,15,0,0,0,0,0
677951,Bobby Witt,2,80,1.0,0,80,0,0,0,0,0,0,0
647304,Josh Naylor,4,80,0.575,0,0,31,46,3,0,0,0,0
665489,Vladimir Guerrero,3,80,0.8125,1,14,65,0,0,0,0,0,0
701538,Jackson Merrill,3,80,0.3875,11,13,31,5,9,9,2,0,0
543760,Marcus Semien,7,80,0.3375,1,0,0,3,14,26,27,8,1
679529,Spencer Torkelson,5,80,0.35,0,0,1,3,28,14,28,6,0
669394,Jake Burger,4,80,0.4625,0,0,2,37,16,10,12,3,0
521692,Salvador Pérez,4,80,0.775,0,0,4,62,4,10,0,0,0
691023,Jordan Walker,4,79,0.7215189873417721,0,0,15,57,2,3,1,1,0
663656,Kyle Tucker,4,79,0.27848101265822783,2,21,2,22,14,15,3,0,0
668227,Randy Arozarena,5,79,0.5189873417721519,1,0,8,29,41,0,0,0,0
593428,Xander Bogaerts,5,79,0.5443037974683544,1,6,3,9,43,15,2,0,0
668930,Brice Turang,3,79,0.4177215189873418,19,27,33,0,0,0,0,0,0
678246,Miguel Vargas,3,79,0.5443037974683544,6,26,43,2,2,0,0,0,0
805300,Jakob Marsee,1,79,0.3924050632911392,31,0,7,0,12,14,14,1,0
701358,Cam Smith,6,79,0.3924050632911392,0,0,0,0,19,31,21,8,0
664761,Alec Bohm,4,79,0.43037974683544306,0,0,2,34,18,8,11,6,0
670623,Isaac Paredes,3,79,0.45569620253164556,0,11,36,25,7,0,0,0,0
673962,Josh Jung,2,79,0.3037974683544304,0,24,14,19,4,6,7,2,3
681198,Tj Rumfield,3,79,0.45569620253164556,0,1,36,22,19,1,0,0,0
606466,Ketel Marte,1,79,0.8860759493670886,70,9,0,0,0,0,0,0,0
686797,Brooks Lee,2,79,0.3291139240506329,1,26,1,0,5,6,8,20,12
650490,Yandy Díaz,1,79,0.6075949367088608,48,0,0,31,0,0,0,0,0
676391,Ernie Clement,6,79,0.22784810126582278,5,15,2,0,16,18,17,6,0
805367,Chase Meidroth,1,79,0.35443037974683544,28,4,2,1,28,9,5,2,0
650333,Luis Arráez,2,79,0.5063291139240507,14,40,19,6,0,0,0,0,0
701807,Carson Benge,1,78,0.6282051282051282,49,0,0,0,2,2,9,12,4
666018,Jonathan Aranda,2,78,0.44871794871794873,0,35,35,4,4,0,0,0,0
695657,Colson Montgomery,4,78,0.7307692307692307,0,2,4,57,9,6,0,0,0
691016,Tyler Soderstrom,4,78,0.4230769230769231,0,1,23,33,13,8,0,0,0
571448,Nolan Arenado,4,78,0.358974358974359,0,0,0,28,16,18,16,0,0
669127,Shea Langeliers,2,78,0.5512820512820513,7,43,28,0,0,0,0,0,0
676475,Alec Burleson,3,77,0.8571428571428571,0,0,66,4,6,0,1,0,0
643289,Mauricio Dubón,5,77,0.19480519480519481,13,11,0,1,15,13,9,6,9
660271,Shohei Ohtani,1,77,1.0,77,0,0,0,0,0,0,0,0
669016,Brandon Marsh,5,77,0.36363636363636365,1,2,0,24,28,5,12,3,2
605137,Josh Bell,4,77,0.5194805194805194,0,0,15,40,16,5,1,0,0
802139,Jj Wetherholt,1,76,1.0,76,0,0,0,0,0,0,0,0
807712,Luke Keaschall,3,76,0.23684210526315788,0,1,18,0,7,18,15,10,7
665862,Jazz Chisholm,5,76,0.4342105263157895,1,0,0,4,33,26,12,0,0
696100,Hunter Goodman,4,76,0.4342105263157895,0,12,31,33,0,0,0,0,0
664040,Brandon Lowe,2,76,0.9078947368421053,0,69,0,0,2,2,3,0,0
668715,Spencer Steer,6,75,0.41333333333333333,0,3,5,7,17,31,11,1,0
669477,Casey Schmitt,3,75,0.4,11,4,30,6,11,1,7,0,5
700250,Ben Rice,2,75,0.5066666666666667,13,38,7,12,5,0,0,0,0
678882,Ceddanne Rafaela,2,75,0.48,2,36,0,1,7,10,6,2,11
661388,William Contreras,3,75,0.4,0,20,30,25,0,0,0,0,0
678662,Ezequiel Tovar,8,75,0.30666666666666664,0,3,2,10,10,16,8,23,3
680776,Jarren Duran,1,75,0.56,42,1,10,0,18,3,1,0,0
681082,Bryson Stott,6,74,0.40540540540540543,0,0,0,0,21,30,18,3,2
680757,Steven Kwan,1,74,0.581081081081081,43,0,0,0,0,2,25,1,3
693307,Dillon Dingler,2,74,0.2702702702702703,0,20,14,16,18,3,3,0,0
693304,Nick Gonzales,5,74,0.33783783783783783,6,8,2,13,25,15,2,3,0
545361,Mike Trout,2,74,1.0,0,74,0,0,0,0,0,0,0
621439,Byron Buxton,1,73,0.6575342465753424,48,25,0,0,0,0,0,0,0
702332,Caleb Durbin,6,73,0.3150684931506849,0,5,0,0,3,23,15,5,22
691026,Masyn Winn,6,73,0.7945205479452054,5,0,0,7,3,58,0,0,0
808982,Jung Hoo Lee,5,73,0.3698630136986301,16,1,1,0,27,22,6,0,0
571970,Max Muncy,6,73,0.4383561643835616,0,0,1,2,30,32,7,1,0
683083,Nasim Nuñez,9,73,0.3698630136986301,0,1,0,0,0,6,19,20,27
695506,Jac Caglianone,7,73,0.3013698630136986,0,0,14,3,13,20,22,1,0
695600,Carter Jensen,5,72,0.5277777777777778,22,0,2,0,38,3,2,3,2
802415,Chandler Simpson,1,72,0.4722222222222222,34,0,2,0,14,10,8,4,0
608070,José Ramírez,3,72,0.6111111111111112,0,28,44,0,0,0,0,0,0
683146,Brett Baty,7,72,0.25,0,0,2,5,17,15,18,13,2
665926,Andrés Giménez,8,72,0.5555555555555556,0,0,0,0,0,4,7,40,21
696285,Jacob Young,6,71,0.2676056338028169,0,0,2,0,14,19,18,1,17
671739,Michael Harris,2,70,0.21428571428571427,5,15,0,7,11,12,9,5,6
677649,Ezequiel Duran,5,70,0.3142857142857143,0,8,1,4,22,13,6,3,13
680574,Matt Mclain,2,70,0.42857142857142855,5,30,0,0,0,3,8,8,16
686555,Isaac Collins,7,69,0.37681159420289856,0,0,0,2,1,8,26,20,12
691720,Kyle Karros,8,69,0.391304347826087,0,2,0,0,3,5,15,27,17
687859,Troy Johnston,5,68,0.39705882352941174,3,0,1,8,27,14,9,3,3
676609,José Caballero,8,68,0.3235294117647059,0,0,0,0,2,9,16,22,19
643446,Jeff Mcneil,8,68,0.36764705882352944,3,0,0,0,1,12,10,25,17
686469,Vinnie Pasquantino,3,67,0.8208955223880597,0,0,55,2,6,3,1,0,0
657757,Gavin Sheets,6,67,0.3283582089552239,0,6,9,14,13,22,3,0,0
687462,Spencer Horwitz,1,67,0.373134328358209,25,0,0,2,5,9,24,2,0
665742,Juan Soto,3,67,0.5522388059701493,6,24,37,0,0,0,0,0,0
665019,Kody Clemens,3,67,0.373134328358209,5,0,25,8,15,9,5,0,0
641343,Jake Bauers,5,66,0.6212121212121212,0,0,5,13,41,7,0,0,0
641487,J. P. Crawford,1,66,0.6515151515151515,43,0,0,0,1,9,13,0,0
672580,Maikel García,1,66,0.803030303030303,53,2,5,6,0,0,0,0,0
694384,Nolan Schanuel,3,66,0.5757575757575758,1,4,38,1,10,7,5,0,0
702222,Justin Crawford,9,66,0.6363636363636364,0,0,0,0,0,0,2,22,42
592626,Joc Pederson,1,66,0.48484848484848486,32,3,0,6,19,6,0,0,0
650489,Willi Castro,6,66,0.2727272727272727,14,8,6,4,8,18,7,1,0
673548,Seiya Suzuki,5,66,0.3939393939393939,0,0,9,20,26,11,0,0,0
682829,Elly De La Cruz,3,65,0.6461538461538462,4,19,42,0,0,0,0,0,0
662139,Daulton Varsho,6,65,0.3076923076923077,0,14,8,4,16,20,3,0,0
656775,Cedric Mullins,6,65,0.3230769230769231,0,1,7,0,8,21,21,5,2
671976,Tristan Peters,8,65,0.4461538461538462,0,0,0,0,0,4,22,29,10
656811,Ryan O'Hearn,4,65,0.6923076923076923,0,4,1,45,15,0,0,0,0
800050,Chase Delauter,2,65,0.5076923076923077,0,33,27,0,5,0,0,0,0
686217,Sal Frelick,7,65,0.5538461538461539,6,0,0,0,1,11,36,11,0
624585,Jorge Soler,4,64,0.9375,3,1,0,60,0,0,0,0,0
666969,Adolis García,4,64,0.359375,0,1,2,23,7,15,4,12,0
683357,Owen Caissie,6,64,0.4375,0,1,1,0,3,28,20,11,0
689414,Liam Hicks,2,64,0.296875,14,19,3,15,9,2,0,2,0
514888,José Altuve,1,63,0.38095238095238093,24,1,12,6,20,0,0,0,0
664983,Jake Mccarthy,1,63,0.4603174603174603,29,0,0,0,0,7,6,8,13
671277,Luis García,2,63,0.8253968253968254,0,52,3,0,0,0,4,3,1
694212,Samuel Basallo,5,62,0.6935483870967742,0,0,0,13,43,5,1,0,0
665750,Leody Taveras,6,62,0.532258064516129,0,0,1,0,7,33,16,5,0
700932,Kyle Manzardo,4,62,0.7580645161290323,0,6,1,47,6,2,0,0,0
691723,Coby Mayo,8,61,0.4262295081967213,0,0,0,3,8,10,13,26,1
663616,Trevor Larnach,2,61,0.39344262295081966,16,24,8,1,6,2,4,0,0
665833,Oneil Cruz,1,61,0.6557377049180327,40,0,1,2,12,5,0,1,0
543807,George Springer,1,61,1.0,61,0,0,0,0,0,0,0,0
670764,Taylor Walls,9,61,0.7540983606557377,0,0,0,0,0,0,6,9,46
643217,Andrew Benintendi,3,61,0.3442622950819672,10,1,21,3,3,20,3,0,0
666152,David Hamilton,9,61,0.6557377049180327,0,0,0,0,0,0,2,19,40
669003,Garrett Mitchell,6,61,0.3114754098360656,6,3,0,3,12,19,16,2,0
545121,Ildemaro Vargas,5,61,0.36065573770491804,5,5,0,2,22,13,9,5,0
669065,Kyle Stowers,4,61,0.4098360655737705,0,11,22,25,2,1,0,0,0
681393,Connor Norby,7,60,0.26666666666666666,0,1,2,3,12,13,16,3,10
694497,Evan Carter,6,60,0.3,3,3,0,2,12,18,10,10,2
686948,Drake Baldwin,2,59,0.7288135593220338,12,43,0,1,2,1,0,0,0
592450,Aaron Judge,2,59,0.6101694915254238,0,36,23,0,0,0,0,0,0
592663,J. T. Realmuto,7,59,0.3559322033898305,0,0,0,0,3,20,21,15,0
691785,Marcelo Mayer,7,59,0.5084745762711864,0,0,0,0,0,9,30,15,5
803011,Sam Antonacci,1,59,0.6440677966101694,38,0,0,0,2,9,3,3,4
663886,Tyler Stephenson,8,59,0.4915254237288136,0,0,0,0,0,4,25,29,1
672724,Oswald Peraza,6,58,0.27586206896551724,0,0,0,6,9,16,12,4,11
660821,Jesús Sánchez,4,58,0.43103448275862066,0,7,4,25,5,11,6,0,0
686527,Dominic Canzone,7,58,0.41379310344827586,0,0,2,4,4,13,24,11,0
690993,Colt Keith,3,58,0.39655172413793105,12,3,23,1,2,10,5,2,0
686681,Michael Massey,8,57,0.38596491228070173,0,0,0,0,10,10,10,22,5
663757,Trent Grisham,1,57,0.7894736842105263,45,0,0,0,5,4,2,0,1
668901,Mark Vientos,4,57,0.43859649122807015,0,0,3,25,9,13,6,1,0
682177,Daniel Schneemann,6,57,0.3508771929824561,5,1,0,0,18,20,12,1,0
670042,Luke Raley,6,57,0.49122807017543857,2,0,0,3,20,28,4,0,0
682657,Angel Martínez,6,56,0.32142857142857145,9,11,0,0,4,18,10,2,2
605170,Víctor Caratini,6,56,0.4642857142857143,0,0,0,4,11,26,15,0,0
668885,Austin Martin,1,56,0.30357142857142855,17,11,8,1,9,5,2,1,2
701675,Nathan Church,7,55,0.6,0,0,0,0,0,2,33,6,14
808959,Munetaka Murakami,2,55,0.7454545454545455,0,41,11,2,0,1,0,0,0
680869,Zack Gelof,7,55,0.2909090909090909,4,0,0,0,4,13,16,12,6
677942,Blaze Alexander,9,55,0.7272727272727273,0,0,0,0,0,2,1,12,40
668709,Jj Bleday,2,55,0.4727272727272727,1,26,12,4,4,2,6,0,0
663728,Cal Raleigh,2,54,0.8333333333333334,0,45,1,4,2,2,0,0,0
666397,Edouard Julien,1,54,0.5370370370370371,29,0,0,0,0,2,6,3,14
687363,Victor Scott,9,54,1.0,0,0,0,0,0,0,0,0,54
542303,Marcell Ozuna,4,54,0.4444444444444444,0,0,0,24,14,13,3,0,0
656555,Rhys Hoskins,4,54,0.5,0,0,4,27,17,6,0,0,0
669357,Nolan Gorman,5,54,0.8148148148148148,0,0,1,2,44,0,4,3,0
690976,Alex Freeland,9,54,0.7777777777777778,0,0,0,0,0,1,1,10,42
609280,Miguel Andújar,6,54,0.25925925925925924,0,12,5,6,4,14,13,0,0
683953,Travis Bazzana,1,54,0.5185185185185185,28,2,0,1,8,7,7,1,0
553993,Eugenio Suárez,5,54,0.7037037037037037,0,0,0,6,38,10,0,0,0
668939,Adley Rutschman,3,54,0.8333333333333334,0,2,45,7,0,0,0,0,0
668904,Royce Lewis,8,53,0.24528301886792453,0,0,0,8,6,7,11,13,8
606192,Teoscar Hernández,5,53,0.2641509433962264,0,0,5,8,14,11,10,5,0
573262,Mike Yastrzemski,8,53,0.33962264150943394,0,0,0,1,11,4,12,18,7
663837,Matt Vierling,7,53,0.20754716981132076,7,8,7,4,6,3,11,5,2
681351,Logan O'Hoppe,8,53,0.7358490566037735,0,0,0,0,1,1,4,39,8
660670,Ronald Acuña,1,53,1.0,53,0,0,0,0,0,0,0,0
804606,Konnor Griffin,8,53,0.37735849056603776,5,4,0,0,3,10,11,20,0
672515,Gabriel Moreno,4,53,0.4339622641509434,0,0,11,23,1,3,10,5,0
656716,Zach Mckinstry,8,52,0.34615384615384615,1,0,1,0,1,10,14,18,7
663993,Nathaniel Lowe,5,52,0.40384615384615385,0,0,0,13,21,18,0,0,0
669224,Austin Wells,9,52,0.4807692307692308,0,0,0,0,0,0,15,12,25
687401,Joey Ortiz,9,52,0.7115384615384616,0,0,0,0,1,1,1,12,37
641857,Ryan Mcmahon,8,52,0.4423076923076923,0,0,0,0,0,7,11,23,11
664728,Kyle Isbel,9,52,1.0,0,0,0,0,0,0,0,0,52
681297,Colton Cowser,7,52,0.6538461538461539,0,0,0,3,1,6,34,7,1
672275,Patrick Bailey,8,51,0.6666666666666666,0,0,0,0,0,0,0,34,17
605141,Mookie Betts,4,51,0.5882352941176471,2,11,8,30,0,0,0,0,0
660688,Keibert Ruiz,9,51,0.6274509803921569,0,0,0,0,2,1,6,10,32
669236,Jeremiah Jackson,9,51,0.45098039215686275,0,0,0,0,2,7,7,12,23
608348,Carson Kelly,7,51,0.37254901960784315,0,0,0,5,6,9,19,10,2
502671,Paul Goldschmidt,1,51,0.4117647058823529,21,2,10,6,6,6,0,0,0
805779,Jacob Wilson,5,50,0.58,9,1,2,4,29,5,0,0,0
671732,Lawrence Butler,6,50,0.32,5,0,0,0,0,16,14,13,2
694728,Brice Matthews,8,50,0.38,5,0,0,0,0,5,9,19,12
691594,Javier Sanoja,9,50,0.58,0,0,0,0,5,3,2,11,29
682626,Francisco Álvarez,9,50,0.3,0,0,5,2,7,9,3,9,15
608369,Corey Seager,3,50,0.76,0,12,38,0,0,0,0,0,0
681481,Kerry Carpenter,6,49,0.3673469387755102,5,1,9,9,6,18,1,0,0
666126,Carlos Cortes,1,49,0.2857142857142857,14,2,6,2,11,6,1,4,3
694192,Jackson Chourio,2,48,0.5625,21,27,0,0,0,0,0,0,0
680700,Richie Palacios,5,48,0.2916666666666667,0,0,3,3,14,7,9,5,7
657656,Ramón Laureano,1,48,0.4791666666666667,23,1,0,0,2,7,8,7,0
678554,Curtis Mead,3,48,0.5,0,23,24,0,0,1,0,0,0
657041,Lane Thomas,1,47,0.2127659574468085,10,1,6,7,4,10,2,7,0
592885,Christian Yelich,1,47,0.5531914893617021,26,0,10,11,0,0,0,0,0
687551,Drew Gilbert,8,47,0.6170212765957447,0,0,0,0,0,0,3,29,15
543877,Christian Vázquez,9,47,0.7872340425531915,0,0,0,0,0,0,3,7,37
667670,Brent Rooker,4,47,0.7872340425531915,0,3,4,37,3,0,0,0,0
694208,Moisés Ballesteros,7,47,0.3829787234042553,0,14,0,0,2,11,18,2,0
650859,Luis Rengifo,6,47,0.2765957446808511,1,4,2,1,6,13,10,10,0
696030,Alejandro Osuna,7,46,0.34782608695652173,0,4,0,1,0,13,16,7,5
671289,Tyler Freeman,2,46,0.5,2,23,3,9,6,2,1,0,0
669257,Will Smith,3,46,0.43478260869565216,1,2,20,2,12,3,6,0,0
680779,Henry Davis,9,46,0.9565217391304348,0,0,0,0,0,0,0,2,44
669707,Jared Triolo,8,46,0.391304347826087,2,0,0,0,1,2,5,18,18
642086,Dominic Smith,7,46,0.391304347826087,0,0,0,3,12,6,18,7,0
664034,Ty France,7,46,0.5217391304347826,0,0,3,2,5,5,24,7,0
663743,Nick Fortes,8,46,0.5869565217391305,0,0,0,0,1,3,10,27,5
663968,Jake Mangum,8,45,0.4,7,0,0,0,0,1,12,18,7
810938,Ben Williamson,6,45,0.4888888888888889,0,0,1,0,8,22,11,2,1
665966,Carlos Narváez,8,45,0.6666666666666666,0,0,0,0,0,0,5,30,10
665161,Jeremy Peña,1,45,0.9555555555555556,43,1,1,0,0,0,0,0,0
671218,Heliot Ramos,7,45,0.28888888888888886,5,0,8,3,10,6,13,0,0
678391,Jorbit Vivas,7,45,0.4222222222222222,0,0,0,0,2,7,19,17,0
678218,Brandon Valenzuela,9,44,0.6136363636363636,0,0,0,1,1,6,0,9,27
670770,Tj Friedl,1,44,0.7954545454545454,35,0,0,0,0,0,0,4,5
666023,Freddy Fermin,9,44,0.5227272727272727,0,0,0,0,0,1,0,20,23
656484,Tristan Gray,8,44,0.5227272727272727,0,0,0,0,0,0,4,23,17
650402,Gleyber Torres,2,43,0.6046511627906976,10,26,7,0,0,0,0,0,0
805999,A. J. Ewing,5,42,0.3333333333333333,0,1,1,1,14,11,6,8,0
672761,Wenceel Pérez,8,42,0.30952380952380953,0,1,0,0,1,12,11,13,4
699912,Jose Fernandez,8,42,0.2857142857142857,0,0,1,3,6,9,11,12,0
664770,Nathan Lukes,2,42,0.4523809523809524,10,19,0,0,1,9,2,0,1
666160,Mickey Moniak,2,42,0.6666666666666666,2,28,7,0,2,2,0,0,1
687221,Dalton Rushing,8,42,0.47619047619047616,2,0,0,0,0,5,10,20,5
691777,Max Muncy,7,41,0.6097560975609756,0,0,0,0,6,4,25,4,2
686780,Pedro Pagés,8,41,0.8048780487804879,0,0,0,0,0,0,0,33,8
666139,Josh Lowe,7,41,0.6585365853658537,0,0,0,0,0,4,27,5,5
596115,Trevor Story,5,41,0.3170731707317073,0,9,0,10,13,9,0,0,0
620443,Luis Torrens,9,41,0.8780487804878049,0,0,0,0,0,0,0,5,36
682668,Luisangel Acuña,9,41,0.4878048780487805,0,0,0,0,0,0,6,15,20
805811,Bryce Eldridge,7,41,0.3170731707317073,0,12,1,0,3,11,13,1,0
687093,Vaughn Grissom,3,40,0.35,3,2,14,4,7,2,8,0,0
681715,Heriberto Hernandez,5,40,0.35,3,0,3,5,14,5,5,2,3
694671,Wyatt Langford,2,40,0.5,7,20,9,1,3,0,0,0,0
680728,Adrian Del Castillo,4,40,0.5,0,0,0,20,10,2,2,6,0
700337,Edgar Quero,5,40,0.325,0,0,0,3,13,5,7,6,6
807799,Masataka Yoshida,5,40,0.325,5,3,8,5,13,4,2,0,0
691788,Joe Mack,8,40,0.525,0,0,0,0,0,0,5,21,14
543309,Kyle Higashioka,8,40,0.35,0,0,0,0,2,4,8,14,12
669004,Mj Melendez,8,39,0.4358974358974359,0,0,7,1,9,2,2,17,1
679845,Nick Loftin,8,39,0.5128205128205128,1,3,0,0,4,4,5,20,2
677588,José Tena,7,39,0.3333333333333333,0,0,10,0,2,4,13,9,1
691781,Brady House,3,38,0.7105263157894737,0,1,27,5,3,2,0,0,0
703607,Henry Bolte,6,38,0.2631578947368421,8,0,0,0,4,10,7,8,1
624641,Edmundo Sosa,5,38,0.23684210526315788,0,0,0,1,9,6,7,6,9
641933,Tyler O'Neill,5,38,0.42105263157894735,0,0,0,2,16,8,8,3,1
663647,Ke'Bryan Hayes,9,37,0.972972972972973,0,0,0,0,0,0,0,1,36
665804,Miguel Amaya,8,37,0.4594594594594595,0,0,0,0,1,0,5,17,14
682818,Yohendrick Pinango,2,37,0.1891891891891892,3,7,1,5,6,3,4,6,2
642708,Amed Rosario,5,36,0.2777777777777778,5,3,4,4,10,7,2,1,0
686452,Drew Millas,8,36,0.7222222222222222,0,1,0,0,0,1,0,26,8
643376,Danny Jansen,8,36,0.3888888888888889,0,0,0,0,1,3,7,14,11
687231,Darell Hernaiz,9,36,0.5277777777777778,0,0,0,0,2,0,3,12,19
666971,Lourdes Gurriel,6,36,0.3611111111111111,0,0,0,7,10,13,6,0,0
701678,Hao-Yu Lee,8,36,0.5277777777777778,0,0,1,0,1,1,6,19,8
808975,Hyeseong Kim,8,36,0.5555555555555556,0,0,0,0,0,0,2,20,14
806068,Colt Emerson,9,36,0.7222222222222222,0,0,0,0,0,1,3,6,26
595978,Austin Hedges,8,36,0.8888888888888888,0,0,0,0,0,0,0,32,4
676439,Hunter Feduccia,8,36,0.6666666666666666,0,0,0,0,0,0,1,24,11
673237,Yainer Diaz,6,35,0.42857142857142855,0,0,0,0,1,15,8,10,1
596142,Gary Sánchez,4,35,0.4857142857142857,0,0,2,17,10,6,0,0,0
643396,Isiah Kiner-Falefa,9,35,0.4,0,0,0,0,2,2,12,5,14
641680,Jonah Heim,5,34,0.2647058823529412,0,0,0,4,9,6,3,9,3
676694,Jake Meyers,7,34,0.38235294117647056,0,0,0,0,4,4,13,9,4
676356,Jonny Deluca,6,34,0.35294117647058826,0,3,1,0,10,12,6,2,0
686611,Dylan Crews,5,34,0.6176470588235294,0,1,2,3,21,5,2,0,0
668723,Ryan Vilade,4,34,0.5,0,6,2,17,5,3,1,0,0
680777,Ryan Jeffers,4,34,0.47058823529411764,0,0,11,16,5,2,0,0,0
683734,Andrew Vaughn,6,33,0.3333333333333333,0,2,1,10,9,11,0,0,0
683011,Anthony Volpe,8,33,0.36363636363636365,0,0,0,0,3,5,8,12,5
694362,Blake Dunn,1,33,0.696969696969697,23,0,0,0,0,3,6,1,0
670242,Matt Wallner,7,33,0.3939393939393939,0,0,0,8,5,1,13,6,0
687637,Dylan Beavers,6,32,0.28125,0,0,7,2,7,9,5,2,0
807713,Matt Shaw,7,32,0.3125,0,2,0,0,1,2,10,9,8
621043,Carlos Correa,1,32,0.4375,14,0,3,10,4,1,0,0,0
622761,Jorge Mateo,9,32,0.53125,0,0,0,0,0,0,6,9,17
681807,David Fry,5,32,0.34375,1,2,1,8,11,9,0,0,0
660162,Yoán Moncada,5,32,0.65625,0,0,4,0,21,3,3,1,0
664702,Myles Straw,7,32,0.375,3,2,0,0,0,0,12,10,5
676724,Jared Young,4,31,0.6451612903225806,0,0,2,20,7,2,0,0,0
630105,Jake Cronenworth,9,31,0.6129032258064516,5,0,0,0,0,1,1,5,19
814439,Ryan Waldschmidt,9,31,0.5161290322580645,0,1,0,0,5,7,1,1,16
660844,Leo Rivas,9,31,0.9032258064516129,0,0,0,0,0,0,0,3,28
592206,Nick Castellanos,7,31,0.6129032258064516,0,0,0,0,2,3,19,7,0
682663,Agustín Ramírez,3,30,0.4,1,8,12,0,3,6,0,0,0
678489,Jorge Barrosa,9,30,0.7333333333333333,0,0,0,0,0,0,3,5,22
685133,Wade Meckler,3,30,0.4,0,1,12,0,11,4,0,1,1
657136,Connor Wong,8,30,0.7333333333333333,0,0,0,0,0,0,1,22,7
672820,Lenyn Sosa,5,30,0.4666666666666667,0,2,0,3,14,6,1,2,2
701350,Roman Anthony,1,29,0.7586206896551724,22,0,7,0,0,0,0,0,0
624424,Michael Conforto,2,29,0.2413793103448276,0,7,0,0,4,7,5,4,2
694371,Tommy Troy,9,29,0.8275862068965517,0,0,0,0,0,1,3,1,24
668952,Ryan Kreidler,8,29,0.3793103448275862,0,0,0,0,0,1,6,11,11
686668,Brenton Doyle,7,29,0.3448275862068966,0,9,0,0,2,0,10,2,6
596019,Francisco Lindor,1,29,0.6551724137931034,19,2,3,5,0,0,0,0,0
641598,Mitch Garver,8,29,0.4482758620689655,0,0,0,0,1,5,10,13,0
702616,Jackson Holliday,9,29,0.5172413793103449,0,0,0,0,0,2,2,10,15
623168,Tyler Heineman,9,29,0.8275862068965517,0,0,0,0,0,0,0,5,24
642201,Eli White,6,29,0.3103448275862069,0,0,0,0,0,9,8,8,4
655316,Andruw Monasterio,6,29,0.2413793103448276,0,4,0,0,6,7,5,2,5
691011,Drew Romo,9,29,0.6551724137931034,0,0,0,0,0,0,0,10,19
676914,Davis Schneider,7,29,0.3103448275862069,3,4,0,0,1,2,9,7,3
664954,Brett Sullivan,9,28,0.5,0,0,0,0,0,4,5,5,14
677950,Alek Thomas,8,28,0.5,0,0,0,0,2,3,1,14,8
669701,Josh Smith,8,28,0.5,0,0,0,0,0,6,7,14,1
666181,Will Benson,7,28,0.42857142857142855,4,1,0,0,0,3,12,7,1
500743,Miguel Rojas,8,28,0.35714285714285715,0,1,0,0,2,2,4,10,9
681546,James Outman,9,28,0.7142857142857143,0,0,0,0,0,0,2,6,20
691740,Daniel Susac,8,28,0.4642857142857143,0,0,0,0,0,4,6,13,5
688363,Graham Pauley,9,27,0.5555555555555556,0,0,0,0,0,0,0,12,15
681508,Mickey Gasper,2,27,0.2962962962962963,7,8,1,0,2,8,0,1,0
682622,Noelvi Marte,7,27,0.37037037037037035,0,0,0,0,0,8,10,8,1
664056,Harrison Bader,8,27,0.3333333333333333,2,0,0,0,1,0,8,9,7
545341,Randal Grichuk,2,27,0.25925925925925924,0,7,0,5,3,6,3,3,0
666211,Taylor Trammell,7,26,0.23076923076923078,1,0,0,4,3,4,6,5,3
656537,Derek Hill,9,26,0.34615384615384615,0,0,0,0,0,4,7,6,9
677870,Leo Jimenez,8,26,0.38461538461538464,0,0,0,0,4,5,6,10,1
694388,Joey Loperfido,6,26,0.38461538461538464,0,0,0,1,4,10,8,3,0
665877,José Fermín,6,26,0.2692307692307692,0,0,0,0,5,7,7,3,4
641584,Jake Fraley,5,25,0.64,0,0,6,2,16,0,1,0,0
641555,J. C. Escarra,9,25,0.56,0,0,0,0,0,0,7,4,14
516782,Starling Marte,6,24,0.375,0,0,0,4,5,9,4,2,0
608701,Rob Refsnyder,1,24,0.5,12,1,0,1,8,0,2,0,0
621438,Tyrone Taylor,9,24,0.4166666666666667,0,0,0,0,0,3,5,6,10
670032,Nicky Lopez,9,24,0.75,0,0,0,0,0,0,0,6,18
668670,Jake Rogers,9,24,0.9166666666666666,0,0,0,0,0,0,0,2,22
691176,Jasson Domínguez,4,24,0.25,0,4,3,6,5,5,1,0,0
663604,Brandon Lockridge,6,23,0.2608695652173913,4,0,0,0,0,6,6,4,3
663368,Blake Perkins,8,23,0.43478260869565216,0,0,0,0,0,4,6,10,3
673357,Luis Robert,4,23,0.43478260869565216,0,4,4,10,5,0,0,0,0
673490,Ha-Seong Kim,8,23,0.5217391304347826,0,0,0,0,0,0,3,12,8
622268,Donovan Walton,8,23,0.34782608695652173,0,0,0,0,1,3,5,8,6
669743,Alex Call,8,23,0.43478260869565216,1,1,0,0,1,4,4,10,2
519317,Giancarlo Stanton,5,23,0.5217391304347826,0,0,0,11,12,0,0,0,0
680977,Brendan Donovan,1,23,0.8260869565217391,19,0,0,0,1,3,0,0,0
595879,Javier Báez,9,23,0.782608695652174,0,0,0,0,0,0,1,4,18
666310,Bo Naylor,8,23,0.5652173913043478,0,0,0,0,5,3,1,13,1
682848,Endy Rodríguez,6,23,0.4782608695652174,0,0,0,0,0,11,9,3,0
624428,Adam Frazier,9,23,0.9565217391304348,0,0,0,0,0,0,1,0,22
682987,Spencer Jones,6,23,0.43478260869565216,0,0,0,1,2,10,6,4,0
665923,Esteury Ruiz,9,22,0.45454545454545453,0,0,1,0,2,3,3,3,10
663330,Jahmai Jones,3,22,0.45454545454545453,5,0,10,0,3,4,0,0,0
663698,Joey Bart,8,22,0.36363636363636365,0,0,0,0,0,0,6,8,8
660710,Rodolfo Durán,9,22,0.8636363636363636,0,0,0,0,0,0,0,3,19
695336,Thomas Saggese,8,22,0.5454545454545454,0,0,0,0,1,4,4,12,1
687597,Jordan Beck,1,21,0.3333333333333333,7,0,0,0,1,5,4,1,3
687515,Colby Thomas,3,21,0.23809523809523808,4,0,5,4,3,2,2,1,0
669699,Braden Shewmake,6,21,0.38095238095238093,0,0,0,0,3,8,3,4,3
666624,Christopher Morel,6,20,0.25,0,0,0,4,2,5,3,5,1
606992,Eric Haase,8,20,0.5,0,0,0,0,0,0,0,10,10
669392,Samad Taylor,2,20,0.5,1,10,0,0,0,6,0,2,1
694378,Jacob Gonzalez,6,20,0.35,0,0,0,1,0,7,5,2,5
667472,Dane Myers,1,20,0.5,10,1,1,0,2,1,3,1,1
679822,Justin Foscue,9,20,0.25,1,4,0,1,1,3,2,3,5
645302,Víctor Robles,8,20,0.4,1,0,0,0,0,4,6,8,1
665561,Rafael Marchán,9,20,0.7,0,0,0,0,0,1,0,5,14
642350,José Siri,9,19,0.47368421052631576,0,0,0,0,0,1,4,5,9
672356,Gabriel Arias,8,19,0.5263157894736842,0,0,0,1,0,3,5,10,0
677592,Everson Pereira,5,19,0.42105263157894735,1,0,0,5,8,0,5,0,0
672284,Jarred Kelenic,7,19,0.5263157894736842,0,0,0,0,0,7,10,1,1
663457,Lars Nootbaar,5,19,0.7368421052631579,1,0,0,2,14,0,2,0,0
669397,Nick Allen,8,19,0.5263157894736842,0,0,0,0,0,0,0,10,9
694514,Sterlin Thompson,7,19,0.47368421052631576,0,0,0,0,0,1,9,7,2
695490,,9,19,0.7368421052631579,2,0,0,0,0,0,1,2,14
640902,Jhonny Pereda,8,19,0.7368421052631579,0,0,0,0,0,0,0,14,5
694203,Denzer Guzman,6,18,0.4444444444444444,0,4,0,0,2,8,4,0,0
694249,,6,18,0.5,0,0,0,0,7,9,2,0,0
602104,Ramón Urías,8,18,0.2777777777777778,0,0,0,2,3,3,4,5,1
694377,Nick Yorke,5,18,0.3888888888888889,1,0,0,0,7,5,1,3,1
553869,Elías Díaz,8,18,0.5555555555555556,0,0,0,0,0,0,0,10,8
695731,,5,18,0.3888888888888889,0,0,0,0,7,5,6,0,0
656976,Pavin Smith,5,18,0.6111111111111112,0,0,0,2,11,1,0,4,0
694374,Tim Tawa,8,17,0.47058823529411764,0,0,0,0,0,1,3,8,5
686894,Joey Wiemer,5,17,0.4117647058823529,0,0,0,0,7,3,5,1,1
823550,Sung Mun Song,8,17,0.5882352941176471,0,0,0,0,0,0,0,10,7
642215,Weston Wilson,8,17,0.5294117647058824,0,0,0,0,2,3,0,9,3
669899,Ryan Ward,7,17,0.8823529411764706,0,0,0,0,0,1,15,0,1
672016,Denzel Clarke,9,17,0.9411764705882353,0,0,0,0,0,0,0,1,16
506702,Sandy León,9,17,0.7647058823529411,0,0,0,0,0,0,0,4,13
596103,Austin Slater,1,17,0.4117647058823529,7,3,1,1,2,1,1,1,0
669134,Luis Campusano,8,17,0.5294117647058824,0,0,0,0,0,0,1,9,7
457705,Andrew Mccutchen,5,16,0.3125,4,2,0,0,5,1,2,0,2
670097,Zack Short,9,16,1.0,0,0,0,0,0,0,0,0,16
672386,Alejandro Kirk,5,16,0.5,0,0,2,4,8,1,1,0,0
675961,Alika Williams,9,16,0.875,0,0,0,0,0,0,0,2,14
624431,Jose Trevino,8,16,0.9375,0,0,0,0,0,0,0,15,1
683748,Victor Mesa,7,16,0.4375,0,0,0,2,0,3,7,2,2
543510,James Mccann,8,16,0.5,0,0,0,0,0,1,5,8,2
665861,Sebastián Rivero,8,16,0.75,0,0,0,0,0,0,0,12,4
669326,Bryce Teodosio,9,15,0.9333333333333333,0,0,0,0,0,0,0,1,14
665953,Andrés Chaparro,3,15,0.7333333333333333,0,4,11,0,0,0,0,0,0
691458,,8,15,0.7333333333333333,0,0,0,0,0,2,2,11,0
642851,Austin Wynns,7,15,0.3333333333333333,0,0,0,0,0,1,5,4,5
682997,Tyler Callihan,7,15,0.6,0,0,0,0,0,4,9,2,0
682877,Juan Brito,7,14,0.7142857142857143,0,0,0,0,0,3,10,0,1
701305,Zach Dezenzo,7,14,0.42857142857142855,0,0,0,0,4,3,6,1,0
663697,Jonathan India,6,14,0.6428571428571429,0,0,0,0,0,9,4,1,0
805904,Zach Cole,6,14,0.2857142857142857,1,0,0,1,1,4,4,3,0
663494,Bryan Torres,7,14,0.5714285714285714,0,0,0,0,3,2,8,1,0
699625,Jimmy Crooks,7,14,0.7142857142857143,0,0,0,0,0,0,10,4,0
593871,Jorge Polanco,3,14,0.42857142857142855,0,1,6,6,1,0,0,0,0
656577,Alex Jackson,9,13,1.0,0,0,0,0,0,0,0,0,13
690984,Petey Halpin,9,13,0.7692307692307693,0,0,0,0,0,0,2,1,10
665052,Griffin Conine,7,13,0.38461538461538464,0,2,1,0,1,1,5,3,0
687957,Dustin Harris,6,13,0.3076923076923077,0,0,0,0,1,4,2,2,4
699013,Esmerlyn Valdez,6,13,0.3076923076923077,0,1,0,0,1,4,3,2,2
663611,Nick Madrigal,7,13,0.6153846153846154,0,1,0,0,1,2,8,0,1
694410,,8,13,0.6153846153846154,0,0,0,0,1,1,0,8,3
695238,Will Wagner,8,13,0.46153846153846156,0,0,0,0,3,1,3,6,0
669289,Santiago Espinal,9,12,0.5,0,0,0,0,0,0,2,4,6
669369,Bryce Johnson,9,12,0.5,0,0,0,0,0,0,3,3,6
518595,Travis D'Arnaud,8,12,0.8333333333333334,0,0,0,0,0,0,1,10,1
690924,Braxton Fulford,7,12,0.3333333333333333,0,0,0,0,1,0,4,4,3
806198,,8,12,1.0,0,0,0,0,0,0,0,12,0
691783,Jordan Lawlar,7,12,0.5,0,0,0,0,0,0,6,2,4
678011,Anthony Seigler,7,12,0.4166666666666667,3,0,0,0,0,1,5,2,1
699393,Pedro Ramírez,8,11,0.45454545454545453,0,0,0,0,0,2,3,5,1
694025,Felix Reyes,4,11,0.36363636363636365,0,0,1,4,0,0,1,3,2
696135,,6,11,0.36363636363636365,0,0,0,2,3,4,1,1,0
695020,Tanner Murray,7,11,0.45454545454545453,0,0,0,0,0,4,5,2,0
606115,Orlando Arcia,6,11,0.36363636363636365,0,0,1,1,1,4,3,0,1
686765,Nick Sogard,6,11,0.5454545454545454,0,0,0,0,1,6,2,0,2
683679,Jesus Rodriguez,9,11,0.5454545454545454,0,0,0,0,0,1,2,2,6
677595,Ronny Mauricio,9,11,0.5454545454545454,0,0,0,0,0,0,3,2,6
678009,Parker Meadows,8,11,0.8181818181818182,0,0,0,0,0,0,1,9,1
687282,,7,11,0.6363636363636364,0,0,0,0,0,0,7,4,0
669720,Austin Hays,5,10,0.5,0,1,1,1,5,1,1,0,0
664059,Sam Haggerty,9,10,0.4,0,0,0,0,1,0,3,2,4
682674,Victor Bericoto,9,10,0.4,0,0,0,0,0,1,3,2,4
676369,Nelson Velázquez,4,10,0.8,0,0,0,8,1,0,1,0,0
666464,Jerar Encarnacion,8,10,0.4,0,0,0,0,0,1,3,4,2
807747,Rikuu Nishida,9,10,0.8,0,0,0,0,0,0,0,2,8
680474,Max Schuemann,8,10,0.6,0,0,0,0,0,0,2,6,2
656582,Connor Joe,8,10,0.4,0,0,0,0,0,3,3,4,0
680737,Michael Helman,9,9,0.6666666666666666,0,0,0,0,0,0,2,1,6
664731,P. J. Higgins,9,9,0.8888888888888888,0,0,0,0,0,0,0,1,8
621550,Patrick Wisdom,7,9,0.5555555555555556,0,0,0,0,2,1,5,0,1
624512,Reese Mcguire,8,9,0.5555555555555556,0,0,0,0,0,0,0,5,4
687749,,8,9,0.5555555555555556,0,0,0,0,0,0,3,5,1
669242,Tommy Edman,6,9,0.4444444444444444,1,0,0,0,1,4,3,0,0
677956,Rece Hinds,8,9,0.6666666666666666,0,0,0,0,0,1,2,6,0
686475,Tyler Tolbert,9,9,0.5555555555555556,0,0,0,0,0,0,0,4,5
700246,Carson Williams,9,9,0.6666666666666666,0,0,0,0,0,0,1,2,6
671655,George Valera,5,9,0.7777777777777778,0,0,0,0,7,2,0,0,0
650391,Eloy Jiménez,5,9,0.5555555555555556,0,0,0,1,5,2,1,0,0
670224,Kameron Misner,9,9,0.4444444444444444,0,0,0,0,0,0,3,2,4
691373,Jhostynxon Garcia,6,9,0.4444444444444444,0,0,0,0,1,4,1,3,0
596117,Garrett Stubbs,9,8,0.75,0,0,0,0,0,0,0,2,6
645305,Ali Sánchez,9,8,1.0,0,0,0,0,0,0,0,0,8
695257,Billy Cook,9,8,0.75,0,0,0,0,0,0,0,2,6
670156,Miles Mastrobuoni,7,8,0.5,0,0,0,0,0,0,4,1,3
669398,Gage Workman,6,8,0.375,0,0,0,0,1,3,2,2,0
677060,Chad Stevens,9,8,0.75,0,0,0,0,0,0,0,2,6
813841,Jonah Cox,9,8,1.0,0,0,0,0,0,0,0,0,8
467793,Carlos Santana,7,8,0.625,0,0,0,0,0,2,5,1,0
669384,,9,8,0.75,0,0,0,0,0,0,0,2,6
663967,César Salazar,9,7,0.8571428571428571,0,0,0,0,0,0,0,1,6
644433,Chadwick Tromp,9,7,1.0,0,0,0,0,0,0,0,0,7
656413,Stuart Fairchild,7,7,0.5714285714285714,0,0,0,0,0,3,4,0,0
672012,Tyler Black,4,7,0.42857142857142855,0,0,0,3,2,1,1,0,0
628451,Andy Ibáñez,6,7,0.42857142857142855,0,1,0,2,0,3,1,0,0
807727,Charles Mcadoo,7,7,0.2857142857142857,0,0,0,0,1,1,2,1,2
805249,Otto Kemp,9,7,0.5714285714285714,0,0,0,0,0,0,2,1,4
670231,John Rave,7,6,1.0,0,0,0,0,0,0,6,0,0
692216,Cj Kayfus,7,6,0.5,0,0,0,0,0,0,3,2,1
675659,Greg Jones,7,6,0.6666666666666666,0,0,0,0,0,0,4,2,0
682641,Luis Matos,6,6,0.6666666666666666,0,0,0,0,1,4,0,1,0
605244,Aramis Garcia,8,6,0.8333333333333334,0,0,0,0,0,0,0,5,1
680718,Addison Barger,4,6,0.8333333333333334,0,1,0,5,0,0,0,0,0
686823,Will Brennan,9,6,0.3333333333333333,1,0,0,0,0,1,1,1,2
691019,Kyle Teel,4,6,0.5,1,0,2,3,0,0,0,0,0
663584,Hayden Senger,9,6,1.0,0,0,0,0,0,0,0,0,6
669087,Sam Huff,9,6,0.6666666666666666,0,0,0,0,0,0,0,2,4
640492,José Azócar,9,6,0.8333333333333334,0,0,0,0,0,0,1,0,5
691907,Tsung-Che Cheng,9,5,1.0,0,0,0,0,0,0,0,0,5
650968,Yohel Pozo,7,5,0.6,0,0,0,0,0,1,3,1,0
649966,Luis Urías,7,5,0.6,0,0,0,0,0,0,3,0,2
695681,Christian Moore,5,5,0.4,0,0,0,0,2,2,1,0,0
608841,Joey Meneses,6,5,0.6,0,1,0,0,1,3,0,0,0
681987,Nate Eaton,1,5,0.6,3,0,0,0,0,0,0,0,2
676572,Eric Wagaman,7,5,0.6,0,0,0,1,1,0,3,0,0
642020,Chuckie Robinson,9,5,1.0,0,0,0,0,0,0,0,0,5
663624,Ryan Mountcastle,6,4,0.5,0,0,0,1,1,2,0,0,0
693409,César Prieto,7,4,0.5,0,0,0,0,0,0,2,2,0
502054,Tommy Pham,8,4,0.5,0,0,0,0,0,0,1,2,1
600869,Jeimer Candelario,5,4,0.5,0,0,0,1,2,0,1,0,0
669221,Sean Murphy,7,4,0.5,0,0,0,0,0,0,2,2,0
678577,,5,4,0.25,0,0,0,0,1,1,0,1,1
694876,,5,4,0.5,0,0,0,0,2,1,1,0,0
596146,Max Kepler,6,4,0.75,0,0,0,0,0,3,1,0,0
641820,Trey Mancini,7,3,0.6666666666666666,0,0,0,0,1,0,2,0,0
701852,,9,3,0.6666666666666666,0,0,0,0,0,0,0,1,2
703492,Nick Morabito,7,3,0.6666666666666666,0,0,0,0,0,0,2,1,0
805672,,9,3,0.6666666666666666,0,0,0,0,0,0,0,1,2
683766,Christian Koss,9,3,0.6666666666666666,0,0,0,0,0,0,0,1,2
701162,,7,3,0.3333333333333333,0,0,0,0,0,0,1,1,1
668942,Josh Rojas,5,3,0.3333333333333333,0,0,0,0,1,0,1,1,0
683227,Cody Freeman,7,3,0.6666666666666666,0,0,0,0,0,1,2,0,0
682634,Kevin Alcántara,8,3,0.6666666666666666,0,0,0,0,0,0,0,2,1
690291,Jace Jung,9,3,1.0,0,0,0,0,0,0,0,0,3
671286,Johnathan Rodríguez,4,3,1.0,0,0,0,3,0,0,0,0,0
691277,Deyvison De Los Santos,8,3,0.6666666666666666,0,0,0,0,0,0,0,2,1
660644,Vidal Bruján,9,3,0.6666666666666666,0,0,0,0,0,0,0,1,2
669288,Daniel Johnson,8,3,0.6666666666666666,0,0,0,0,0,0,1,2,0
694376,Shay Whitcomb,7,3,0.3333333333333333,0,0,0,0,0,0,1,1,1
693459,,6,3,0.3333333333333333,0,0,0,0,0,1,0,1,1
664774,Lamonte Wade,6,3,0.6666666666666666,0,0,0,0,1,2,0,0,0
672642,Steward Berroa,9,2,1.0,0,0,0,0,0,0,0,0,2
815873,,4,2,0.5,0,0,0,1,0,1,0,0,0
811965,,9,2,1.0,0,0,0,0,0,0,0,0,2
686554,Oliver Dunn,9,2,1.0,0,0,0,0,0,0,0,0,2
663853,Romy Gonzalez,5,2,0.5,0,0,0,0,1,1,0,0,0
571771,Enrique Hernández,9,2,1.0,0,0,0,0,0,0,0,0,2
682515,Logan Porter,8,2,0.5,0,0,0,0,0,0,0,1,1
664238,Dylan Moore,8,2,1.0,0,0,0,0,0,0,0,2,0
640459,Brian Navarreto,9,2,1.0,0,0,0,0,0,0,0,0,2
695508,,3,2,0.5,0,0,1,0,0,0,1,0,0
666931,Jared Oliva,9,2,1.0,0,0,0,0,0,0,0,0,2
669717,Will Wilson,9,2,1.0,0,0,0,0,0,0,0,0,2
669360,,8,2,0.5,0,0,0,0,0,0,0,1,1
805347,Jim Jarvis,9,2,1.0,0,0,0,0,0,0,0,0,2
669208,Ryan Bliss,9,2,1.0,0,0,0,0,0,0,0,0,2
669256,Nick Solak,7,2,1.0,0,0,0,0,0,0,2,0,0
691620,Jeferson Quero,7,1,1.0,0,0,0,0,0,0,1,0,0
804668,Rafael Flores,8,1,1.0,0,0,0,0,0,0,0,1,0
665828,Oswaldo Cabrera,7,1,1.0,0,0,0,0,0,0,1,0,0
663609,Luken Baker,6,1,1.0,0,0,0,0,0,1,0,0,0
683079,Omar Martinez,9,1,1.0,0,0,0,0,0,0,0,0,1
683021,Michael Stefanic,9,1,1.0,0,0,0,0,0,0,0,0,1
694224,Gabriel Gonzalez,5,1,1.0,0,0,0,0,1,0,0,0,0
571657,Kyle Farmer,7,1,1.0,0,0,0,0,0,0,1,0,0
671083,Buddy Kennedy,6,1,1.0,0,0,0,0,0,1,0,0,0
695391,Brett Harris,9,1,1.0,0,0,0,0,0,0,0,0,1
675448,,9,1,1.0,0,0,0,0,0,0,0,0,1
690022,Ryan Ritter,9,1,1.0,0,0,0,0,0,0,0,0,1
673995,Davis Wendzel,6,1,1.0,0,0,0,0,0,1,0,0,0
642133,Rowdy Tellez,8,1,1.0,0,0,0,0,0,0,0,1,0
666185,Dylan Carlson,9,1,1.0,0,0,0,0,0,0,0,0,1
